:020000021000EC
:10900000000001200993010031930100BD470200D7
:10901000DD47020037930100399301000000000092
:109020000000000000000000000000003B93010071
:109030003D930100000000003F93010041930100B7
:1090400043930100439301004393010043930100C4
:1090500043930100619A010043930100439301008F
:1090600043930100439301004393010043930100A4
:109070004393010043930100439301004393010094
:109080004393010043930100439301004393010084
:109090004393010043930100439301004393010074
:1090A000439301004393010043930100099E010093
:1090B0004393010043930100000000000000000002
:1090C0004393010043930100439301004393010044
:1090D000439301004393010043930100000000000B
:1090E0000000000000000000000000000000000080
:1090F0000000000000000000000000000000000070
:10910000000000000000000000000000000000005F
:10911000000000000000000000000000000000004F
:10912000000000000000000000000000000000003F
:10913000000000000000000000000000000000002F
:10914000000000000000000000000000000000001F
:10915000000000000000000000000000000000000F
:1091600000000000000000000000000000000000FF
:1091700000000000000000000000000000000000EF
:1091800000000000000000000000000000000000DF
:1091900000000000000000000000000000000000CF
:1091A00000000000000000000000000000000000BF
:1091B00000000000000000000000000000000000AF
:1091C000000000000000000000000000000000009F
:1091D000000000000000000000000000000000008F
:1091E000000000000000000000000000000000007F
:1091F000000000000000000000000000000000006F
:109200000348044B834202D0034B03B11847704715
:109210008801002088010020000000000548064B5E
:109220001B1AD90F01EBA301491002D0034B03B164
:1092300018477047880100208801002000000000C6
:1092400010B5064C237843B9FFF7DAFF044B13B18E
:109250000448AFF300800123237010BD8801002073
:109260000000000034EA020008B5054B1BB10549B7
:109270000548AFF30080BDE80840FFF7CFBF00BF4F
:10928000000000008C01002034EA0200A3F5803ABF
:10929000704700BF174B002B08BF134B9D46FFF7CD
:1092A000F5FF00218B460F461348144A121A11F09D
:1092B000FAFC0E4B002B00D098470D4B002B00D032
:1092C00098470020002104000D000D48002802D01E
:1092D0000C48AFF3008011F0EFFC2000290000F0F3
:1092E00001FE11F0A5FC00BF000008000000000016
:1092F000000000000000012088010020909E002056
:1093000000000000000000000649074A074B9B1AB6
:1093100003DD043BC858D050FBDC00F03BF8FFF7FE
:10932000B9FF000040EA0200800000208801002010
:10933000FEE7FEE7FEE7FEE7FEE7FEE7FEE7FEE705
:10934000FEE7FEE74FF08053D3F83001421C04BF24
:109350004FF0704393F8E00F831F58425841704715
:109360004FF0704393F8E02F062A08D1D3F8E80FA6
:1093700000F0F000A0F1300358425841704700203F
:1093800070470000024AD2F80034002BFBD070472F
:1093900000E0014010B5FFF7D5FF40B14FF080531A
:1093A0008F4AD3F82433C3F30423C2F84035FFF7C0
:1093B000D7FF10B18B4B8C4A5A67FFF7C3FF48B1F8
:1093C0004FF080534FF08042D3F84432C3F342331E
:1093D000C2F83C35FFF7C4FF30B1844AD2F8FC3004
:1093E00023F08073C2F8FC30FFF7ACFF40B14FF0C0
:1093F00080430022C3F80C21C3F81021C3F838259C
:10940000FFF7AEFF20B14FF080430322C3F8A02541
:10941000FFF7A6FF60B1764B0522C3F810260122A4
:10942000C3F888260022C3F818263F22C3F8142662
:109430004FF08053D3F83021511C09BF4FF07043D7
:10944000D3F8343193F8E02FD3F8E83F08BFC3F3E3
:109450000313062A49D1033B012B46D94FF0805212
:10946000644BD2F80414C3F82015D2F80814C3F8DA
:109470002415D2F80C14C3F82815D2F81014C3F828
:109480002C15D2F81414C3F83015D2F81814C3F8F8
:109490003415D2F81C14C3F84015D2F82014C3F8C0
:1094A0004415D2F82414C3F84815D2F82814C3F888
:1094B0004C15D2F82C14C3F85015D2F83014C3F858
:1094C0005415D2F83414C3F86015D2F83814C3F820
:1094D0006415D2F83C14C3F86815D2F84014C3F8E8
:1094E0006C15D2F84424C3F87025FFF72BFF48B160
:1094F0004FF080534FF08042D3F8583203F04F03BF
:10950000C2F8E43EFFF71EFF48B14FF08043D3F8A6
:109510000024D20744BF6FF00102C3F800244FF0CB
:109520008053D3F83021062A0BD1D3F83431033BD2
:10953000022B81BF304AD2F83C3743F48063C2F833
:109540003C372A4AD2F8883043F47003C2F8883096
:10955000BFF34F8FBFF36F8F4FF08053D3F830219D
:10956000062A0CD1D3F83431033B032B81BF4FF0D3
:109570001023D3F808224FF08043C3F858254FF04A
:109580001023D3F80022002A03DBD3F80432002B87
:1095900022DA1A4901234FF01020C1F804351524AE
:1095A000FFF7F0FEC0F80042FFF7ECFEC0F80442FF
:1095B000FFF7E8FE0023C1F80435FFF7E3FEBFF331
:1095C0004F8F0A490E4BCA6802F4E0621343CB6026
:1095D000BFF34F8F00BFFDE70A4B0B4A1A6010BD67
:1095E0000030014000C007400DF0ADBA00ED00E0D2
:1095F0000050004000C000400010004000E001406A
:109600000400FA05800000200090D003C02910B5A6
:1096100025D0B9B180290AD14378047882781B0219
:1096200043EA044313430F4A0330C2F898354378A2
:1096300002781B0243EA024382781343094A03304B
:10964000C2F894350368074A1BBAC2F89035D2F8BD
:10965000A03523F0C0030B43C2F8A03510BD402154
:10966000E5E700BF00500040044B0D22C3F804247E
:1096700001229A60024AC3F8042370470050004058
:1096800082000800034B4FF0FF32C3F80823012289
:109690005A6070470050004008B5FFF7F3FF084BD1
:1096A0002022C3F88020BFF34F8FBFF36F8F054890
:1096B000C3F8802100F044FB034B00221A7208BD5E
:1096C00000E100E084000020A4010020034BD3F857
:1096D0003C0410F0030018BF012070470050004008
:1096E000F0B5B0F5A07FA5B072D1FFF7EFFF04464B
:1096F0003B48002C70D183680133072B836067D906
:1097000004230093CDE90144364D039400F00CFB93
:10971000354B6C724FF48052C3F80825D3F80825F6
:10972000D3F89005D3F8A01511F0C0011FFA82FC00
:1097300050D08029D3F8944501BFD3F898358DF8DF
:1097400012301A0C8DF8102009BF1A0A04AA8DF8DD
:1097500011200DF11302230C1370230A537094701F
:10976000D31C020E1A70020C1F4C5A70020AD870D9
:109770009A700023D4F8A475D4F80463C4F8FC3FAD
:10978000D4F8FC3F0123C4F8FC3F04A8C4F808C582
:10979000FFF73CFFD4F8A43507F0600723F060031F
:1097A0003B43C4F8A4350323C4F80C35D4F8A035E2
:1097B00023F01F0343F00403C4F8A0354FF48F6374
:1097C000C4F80463C4F808336B680BB16846984763
:1097D00025B0F0BD04ABC4E700238360F8E700BF09
:1097E00084000020A4010020005000400288084BA3
:1097F0004168C3F81015C2F30802C3F81425054ADE
:10980000126802F48C62C3F804230122DA61704703
:1098100000500040A401002038B5036804460D46FE
:109820007BB3002011F096FA174BD3F80C211AB134
:10983000D3F80423120722D4012119612288606819
:10984000C3F81005C2F30802C3F814252268D20039
:10985000C2F30B0292B2C3F81C250C4AC3F80C5594
:109860009089C3F80805126802F01802C3F80423AF
:109870000024D960002011F075FA204638BD11246B
:10988000F8E70924F9E700BF00500040A4010020D8
:1098900000F1804000F5A040012303607047000004
:1098A00029280D4B11D1D3F8202412F0010F4FF0CD
:1098B000010214BF9A625A624FF48052C3F808251D
:1098C0004FF48F62C3F80823704700F1804000F521
:1098D000A04001220260EFE70050004008B5037885
:1098E000012B10D0022B1BD00BB1002008BD436808
:1098F000B3F5803F21D8124A4FF6FF718B4294BFD7
:10990000D360D160F1E70179032916D80D4AD2F866
:10991000A43523F0600343EA4113C2F8A435E4E719
:10992000037A042B07D00A2B0CBF8021402140680A
:10993000FFF76CFED9E70021F9E70720D6E700BF63
:10994000A4010020005000400A2930B52ED84FF461
:109950009263CB40DB0729D54FF080520429D2F81F
:109960005044D2F85434D2F8582404704FEA1425E5
:109970004FEA14448470DCB24570C47001D10020F9
:1099800030BD1D0A05710A294FEA13454FEA1363DA
:109990004571837105D1130AC271120C03724272B0
:1099A000EDE7882CEBD19923C370E8E70920E7E7BE
:1099B0002DE9FF41244D2C7A002C42D103C8234AC3
:1099C00085E803000323C2F80C35D2F8A03523F054
:1099D0001F0343F00403C2F8A0351D4B20224FF0B3
:1099E000C008C3F8802183F805831A60194F1A4B09
:1099F0001A4A02A93846CDE9023400F01FF904469C
:109A0000D8B93B68D3F8102501264FF4C861D2B20B
:109A1000334621FA02F200960146384600F0DDF99D
:109A2000072102A8FFF790FF4146044602A8FFF76E
:109A3000EDFD4FF480532E72EB60204604B0BDE87C
:109A4000F0810824F9E700BFA40100200050004085
:109A500000E100E08400002004000006E19601001F
:109A60007FB5734BD3F80421EAB1D3F804239107EF
:109A700019D50022C3F80421BFF34F8F6D4C637AD0
:109A800003F0FF067BB96C4D284600F087F92846A5
:109A900000F03CF901236372022300936368AE6017
:109AA0000BB168469847624BD3F81821A2B3D3F89C
:109AB0000423520630D50021C3F81811BFF34F8F8D
:109AC000402201910092D3F810250392D3F8242567
:109AD000C2F30B02103AC2F3CC020292D3F828214F
:109AE0007AB1D3F8042356050BD5D3F80C2402F031
:109AF0000D020192C3F82811BFF34F8F0D22C3F856
:109B00000C244C4B5B680BB168469847484B0022CD
:109B1000C3F80C21BFF34F8F454BD3F81021AAB1E6
:109B2000D3F80423D50611D50022C3F81021BFF3C2
:109B30004F8FCDE901220392102200921822C3F820
:109B400008233C4B5B680BB168469847384BD3F809
:109B50004C215AB3D3F80423140327D50022C3F8A9
:109B60004C21BFF34F8FC3F81821BFF34F8FC3F8B9
:109B70002821BFF34F8FC3F80C21BFF34F8FC3F8D9
:109B80001021BFF34F8F2B498889C3F808050D209A
:109B9000C3F80C04C3F804044FF4002300934B688B
:109BA0000392CDE901220BB168469847204BD3F8C8
:109BB0001C21F2B1D3F8042310061AD50022D3F8E1
:109BC0000414C3F81C21BFF34F8FCDE90122039287
:109BD000C9074FF08002009207D50122C3F8042480
:109BE000144B5B680BB168469847114B0D22C3F8C4
:109BF00004240F4BD3F80C21BAB1D3F80423120775
:109C000013D50022C3F80C21BFF34F8F094A5268C5
:109C10005AB108210091D3F810150291D3F81C35E0
:109C2000C3F3C80301936846904704B070BD00BFFA
:109C300000500040A401002084000020F7B5067900
:109C40002F4D0C237343EF1814463A7A002A54D14F
:109C5000EC504B687B60944647790368D4B2A742C6
:109C600041D843F30733CA78002BAEBF03F16043FA
:109C700003F00F03234C4FEA4212A8BF03F56143E0
:109C8000D2B2B4BFE25483F80023036843F307332E
:109C9000002B08DB01225C0903F01F0302FA03F327
:109CA000194A42F8243002684C78D2F8043564F33B
:109CB0000103C2F8043502688C78D2F8083564F3E1
:109CC0000103C2F8083502680978D2F8103561F34B
:109CD0000303C2F810350C2303FB065501232B7236
:109CE000002003B0F0BDA40004F5A074013243F8D5
:109CF00004C01B590193019BAEE70820F1E700BFA8
:109D0000B401002014ED00E000E100E0036801224E
:109D10001A600279034B0C2101FB023302221A72F2
:109D2000704700BFB4010020036801221A61017965
:109D3000024B0C2000FB01331A727047B401002063
:109D400038B5036843F30733002B04460DDB5A098B
:109D5000012103F01F03994002F120030D4A42F84C
:109D60002310BFF34F8FBFF36F8F23680025D3F805
:109D70000022C3F8005223684FF0FF32C3F80823D3
:109D80002046FFF7D1FF2279034B0C2101FB023360
:109D90001D7238BD00E100E0B4010020036801221B
:109DA000DA60704773B54FF4803405688C408BB12E
:109DB0008B0003F5A0730026EE50EB580193019B36
:109DC0000368C3F80443036801F5A87143F8212030
:109DD00002B070BDC5F80843F5E7F0B4076840F27B
:109DE0000116D7F800528E4025EA0605C7F8005242
:109DF0000468D4F800522B43C4F800329DF81030A8
:109E0000F0BCFFF7CFBF00002DE9F341104C114F1C
:109E1000114E00254FF48038236883B1D7F80433FE
:109E200008FA05F21A420AD000232360236801933E
:109E300004F5A040019B80B2D6E900319847013576
:109E4000062D04F10404E7D102B0BDE8F08100BFA3
:109E500040B1014000B00140B401002010B50D4CEC
:109E6000207809F08FFF607809F07CFF207C0038B3
:109E700018BF012009F095FFE0780FF08DFAE07A25
:109E8000003818BF01200FF093FAA089BDE81040F8
:109E900009F08ABD3E54002010B5044605F046FB8B
:109EA00008B105F053FC214604484FF4487206F00F
:109EB000FDFDBDE810400AF015BB00BF8CB90200E3
:109EC00010B5044605F032FB08B105F03FFC224610
:109ED0000348002106F0EAFDBDE810400AF034BB5B
:109EE00094B902002DE9F3470AF086FBB34D0AF05E
:109EF00067FD09F023FE0AF0DFF905F023FB09F006
:109F000075FF0AF059F80AF065F8FFF7A7FF00247B
:109F100045F0010509F046FE002009F089FE80B3F6
:109F20000AF04AF8A64A122122200AF0F7FEA54AB2
:109F30001E2116200AF00AFF01260023CDE9003673
:109F40006422082328210E200AF062FECDE9006673
:109F500004232A2110201322B4FBF2F20AF058FE47
:109F60000AF038F832264FF47A40A847013EFAD179
:109F70006034B4F5F06FCDD14FF4C870FFF7A0FF97
:109F800004E0022009F054FE0028C9D106F08CFD3F
:109F90008D480AF019F806F00DFD00200AF014F8BB
:109FA0000AF016FB28B147F2305008F0C1FE0AF063
:109FB000ABFB864D09F0E6FC09F000FD0AF0C2F8A3
:109FC0000FF080F904F076F9FFF748FF04F096F9F6
:109FD0000CF0A8FB0EF0D6FA2B7F1BB901F0F0F8BD
:109FE00000F088FA0AF05AFA00F0BAF96B7F43B130
:109FF000774A12789A4204D9764A52F8230000F040
:10A00000F1F97548754E764F00F028FA09F0CAFD4F
:10A010000AF040FD3378044673B109F015FE58B1DB
:10A0200033781BB10020307009F0BFFE09F066FEE6
:10A0300000F060FA00F050FA012009F027FE002835
:10A0400000F0958000F056FA634800F007FA00F03F
:10A05000F9F9DFF8A481C36820469847204600F04C
:10A06000D9F90AF031FAD8F80030E31AB3F57A7F5B
:10A0700007D34FF47A70B4FBF0F00AF06DFAC8F829
:10A080000040697C00297CD1564B1A782AB119709E
:10A09000084609F08FFE00F01FFADFF86081D8F85B
:10A0A000003041F28832E31A934221D909F086FC4C
:10A0B0004D4AC8F80040137A9279002A77D0002BD5
:10A0C00077D0DFF830A19AF800308BB906F020FD88
:10A0D0003A4B40F2DC5843F001094FF47A40C8474C
:10A0E000B8F10108F9D101238AF8003000F0F4F941
:10A0F0000FF082FC88BB0EF06FFF70BB04F0AAFF6C
:10A1000058BB0DF023FA40BB00F058FA241ABC42A9
:10A1100088BF002400F058FA40B96B7A33B14FF48D
:10A120007A725343A34201D200F054FAAB7C53B18C
:10A130004EF6602253439C4205D933781BB9012067
:10A14000307009F032FE2B7A3BB14EF66022534359
:10A150009C4202D92548FFF79FFE00F073F9037F68
:10A16000002B7FF453AF14200AF0BEFC4EE709F039
:10A170008DFD00283FF46BAF00F0BCF900F098F9BA
:10A1800065E71B4A13684EF65F21E31A8B4284D9B8
:10A19000144B14601978013101F003001870013874
:10A1A0000128C1F340018CBF0020012071E7002B82
:10A1B0009ED1104B00221A709AE700BFA0D4020073
:10A1C00094B902009FB90200052D02003E54002000
:10A1D00084DC0200B8DC02009CD80200D001002020
:10A1E000005C2605C4010020CE8B0020B9B9020016
:10A1F000C0010020C5010020CC010020C8010020C2
:10A2000010B5064C064A2378013B52F823301B69EF
:10A2100003B198472378013B237010BDE50100206E
:10A22000E801002070B5174D04462B78012B25D886
:10A23000154E3378A3420CD0144D2B681B6903B123
:10A240009847134B347053F824302B609B6803B14C
:10A250009847104B53F824200F4B1A600AF01AFC51
:10A260000E4B00F52F7018600D4809F0ADFE0D4B38
:10A2700001221A70BDE8704009F040BDFFF7C0FF31
:10A28000D3E700BFE5010020E4010020E801002041
:10A29000B8DC020088DC0200E0010020DC010020C4
:10A2A000A9A20100900000202DE9F74F294B1B685F
:10A2B0001B79013BDBB2042B42D8274A52F82360BA
:10A2C000002E3FD14FF00D091625DFF89080D8F809
:10A2D00000000AF031FD044600F1080736B13046AF
:10A2E0000AF058FD8442B8BF00F10807C7F18004A6
:10A2F00004EBD47464104FF0010B4FF0000A2046B9
:10A300004B463A462946CDE900BA0AF081FC294677
:10A310002046CDE900AB4B463A460AF079FC0434BE
:10A32000E91C9EB1324620460AF010FDD8F8002004
:10A3300005F10901204603B0BDE8F04F0AF0EEBC7C
:10A340000026BFE74FF012091425BEE7D8F8002019
:10A35000F0E700BFE8010020A8D40200E0010020DF
:10A360000C4B10B51C680AF095FB0B4B18600B4B9F
:10A3700018600B4B00221A700A4B0B4A1C60012319
:10A3800013700A4A1370A36813B1BDE81040184750
:10A3900010BD00BFB8DC0200D8010020D4010020AD
:10A3A000E4010020E8010020E501002090000020E9
:10A3B0000A4B0B4A30B51C780023D9B28C4205D821
:10A3C0004FF0FF33581C18BF012030BD52F8045B1A
:10A3D000A84203F10101F5D00B46EEE784DC020050
:10A3E000B8DC0200094B0A4930B402461C7800234D
:10A3F000D8B2844201D830BC704751F8045BAA42FD
:10A4000003F10103F4D130BCFFF70CBF84DC020080
:10A41000B8DC020008B5084B1A685AB1074A12683E
:10A42000801A002806DB0020186009F0CDFD044BDF
:10A4300001221A7008BD00BFE0010020DC010020ED
:10A4400090000020034B044A1B78013B52F8230084
:10A45000704700BFE5010020E801002038B5044640
:10A46000F8B1C368EBB1FFF7A3FF20B12046BDE808
:10A470003840FFF7B7BF0B4D2B78052B01D9FFF7FD
:10A48000BFFE2B785A1C2A70074A42F82340A36863
:10A4900003B19847054B01221A70BDE8384009F016
:10A4A0002DBC38BDE5010020E8010020900000200F
:10A4B00008B5074B1B78012B08D9FFF7A1FE054B08
:10A4C00001221A70BDE8084009F018BC08BD00BFA1
:10A4D000E501002090000020014B01221A70704716
:10A4E00090000020024B002218781A70704700BFBD
:10A4F0009000002010B50AF0CDFA064C064B18600B
:10A5000023782BB1054B587809F02CFC00232370DD
:10A5100010BD00BFD1010020D40100203E54002016
:10A5200010B5002009F0A6FB044608B1FFF7E2FFD2
:10A53000204610BD08B5094B1B78012B4FF00200D7
:10A5400008D809F097FB08B9002008BDFFF7D2FF33
:10A550000120FAE709F0A6FBF5E700BFE5010020BE
:10A5600010B5012009F086FB044608B1FFF7C2FFD1
:10A57000204610BD10B5012009F088FB044608B143
:10A58000FFF7B8FF204610BD38B5002009F066FB84
:10A590000546012009F062FB0446022009F05EFB3B
:10A5A0000DB904B910B1FFF7A5FF012038BD0000B7
:10A5B000014B1868704700BFD8010020014B186894
:10A5C000704700BFD4010020014B1878704700BFCE
:10A5D000D101002008B5054B58780623B0FBF3F0F5
:10A5E00009F0C0FB024B01221A7008BD3E54002046
:10A5F000D10100200138C0B202289ABF024B53F8A3
:10A6000020000248704700BFC0D40200A5BB020072
:10A610000138C0B202289ABF014B185C0020704775
:10A62000BCD4020010B504462AB3FFF7F1FF8842FC
:10A6300021D9022C0ED0032C14D0012C1BD101EBFC
:10A64000810303F66C1313800A2393700131D170D8
:10A65000012010BD094B33F8113013800123937092
:10A660002531F4E701EB810303F665131380012321
:10A6700093700B31EBE70020EBE700BFD0D4020072
:10A6800040F6621398420DD040F67A13984212D0E9
:10A69000B0F51B6F11D0A0F6651293B24B2B0ED9FB
:10A6A000254870470023254A4221117033215170FB
:10A6B000373393701CE00123F5E70223F3E7204BC7
:10A6C0005A43B2F1333F17D81C4A5A23137032232E
:10A6D000B0FBF3F3013353700523B0FBF3F00A230F
:10A6E000A0F5EB70B0FBF3F103FB1100303090707C
:10A6F0000023D37011487047A0F66C1082B23C2A38
:10A70000CED84343B3F1333FCAD805230B4AB0FB3D
:10A71000F3F0431C5721092B117004DC3130002366
:10A7200050709370E6E7312151700A21B3FBF1F0CC
:10A7300001FB10333033BCE747CD0200004200205C
:10A74000CDCCCCCC2DE9F34701AAFFF76BFF18B9AC
:10A75000002002B0BDE8F087BDF804709DF8063017
:10A76000DFF85090A7EB03084FF0000A1F441FFAD0
:10A7700088F8BFB2564654460EF032FE5FFA8AF5AC
:10A78000A84205D8002EE3D0B4FBF6F0C0B2E0E753
:10A7900028460EF02BFE804508D8874206D305EBED
:10A7A00045054D440136AB78B6B21C440AF1010AA6
:10A7B000E2E700BF379C00202DE9F843DFF8348042
:10A7C000054600264FF6FF74012718F8019B09F192
:10A7D000FF31C9B20120FFF7B5FF0136A0423CBFEF
:10A7E00004464F46032EF0D10DB1E4432C70384699
:10A7F000BDE8F883CCD4020000EB51038B4210B5C6
:10A80000024611D3B3FBF1F0642400FB01F301EB2A
:10A810004101B1FBF4F196315418A34204D80B4422
:10A820009A4288BF002010BD0020FCE70123F0B54C
:10A83000D36200244FF0FF3326461D46E7B2B942EB
:10A8400006D8691C1EBF01335B1B82F82F30F0BD98
:10A85000075D97B192F82D30013382F82D3026B97B
:10A8600092F82E30013382F82E302346B5F1FF3FA7
:10A8700008BF254601260134E0E73E46FBE700001D
:10A88000F0B5868902683EB9B2F5FA6F04D209B113
:10A890005A230B700020F0BD814C837BA2420FD95C
:10A8A000052B0AD990F8272090F828309A4204D82E
:10A8B00090F82930062B40F2E380022055235AE01D
:10A8C000447C74B1774CA2420BD9052B20D9C37BB1
:10A8D000362B4FF0050011D85A23072E40F2CD80B9
:10A8E00049E00B2B14D94368A3F5B033B3F5C04F3F
:10A8F00006D86D4B9A4240F2C88003204B23ECE708
:10A900004CF250339A424FF00300F7D83723E4E774
:10A91000032B34D8448A032C33D9047F4A2C30D9F2
:10A920008469A4F56A35A5F5C07542F6E067BD42B5
:10A930000ED9A4F5EA25A5F5407545F6C057BD42E8
:10A9400006D9A4F5EA34C03C41F27075AC4218D87F
:10A9500044893C3CA4B2B4F56B7F12D842F20F7428
:10A96000A2420ED8428D40F699139A424FF00A0047
:10A9700040F089804B2300298DD00B708BE7042B8E
:10A9800053D14CF24F34A2424FD84489651E40F651
:10A99000C317ADB2BD42478A2DD8032F2BD990F8EB
:10A9A0002C5045B390F82EC0BCF1020F23D9056A94
:10A9B00090F81CE08DB190F82450452D0DD990F8F9
:10A9C0002650012D09D990F82550012D05D9BEF149
:10A9D0004A0F05D80C203C237FE7BEF14A0F0AD965
:10A9E0008569DFF8C8E0A5F51C45403D754502D8EE
:10A9F000BCF1050F4CD80B2F17D9057D3B2D14D971
:10AA00003C3CA4B240F67C37BC420ED890F82C40B7
:10AA10005CB190F82D400F2C07D990F82E40032CF4
:10AA200003D990F82F40272C13D84489007CB0B963
:10AA3000013CB4F5C77F01D8032B2CD944F61F6025
:10AA4000824203D8032E16D9042B26D901202823AD
:10AA500043E74F2D4FF00900BDD946233DE7A4F150
:10AA6000960080B240F23A75A842E1D8042BDFD8B4
:10AA70000620412331E701202823193BDBB27AE786
:10AA80000B20462377E7372375E70420552324E777
:10AA90000C202D2321E7072038E70820F9E700BF25
:10AAA000A0BB0D00400D03003F0D0300E0040700B4
:10AAB0000C289ABF024B53F820000248704700BF91
:10AAC000D8D40200F7B90200F8B507460EF088FCAA
:10AAD00000240546E6B2B54201D80020F8BD304654
:10AAE0000EF084FCB84204F1010224D11449154F40
:10AAF000631E04EB44040C442146581C09D011F891
:10AB0000010C0F2819D8F85C11F803CC07388445DC
:10AB100013DBF31A0B49D8B29542DFDD63790F2BB3
:10AB200004D88B5CE678073B9E42D7DA431CD8B248
:10AB300001320334F0E71446CCE7013B0339DCE78C
:10AB4000379C0020AA9B00202DE9F04F8BB0CDE967
:10AB50000121149C0393054630220021204610F069
:10AB6000A2F8039B65854BB11A683AB15968B2489F
:10AB70000023A1FB000110F067FD2060019BA38171
:10AB8000002B40F0CA810023638164232381019B51
:10AB9000032B00F2F4810023039A6360002A00F083
:10ABA0005382527BE27340F66212954200F04E826D
:10ABB00040F67A12954200F04982A5F51B614A429F
:10ABC0004A4122748BB103F5C86144F61F62914279
:10ABD00040F23E8245F26042934240F2428244F2A9
:10ABE000506293428CBF0023012363742846FFF711
:10ABF0006BFFA0730298002319461E461D461A4695
:10AC000000F1040C019F98B2874200F22C828B4B1A
:10AC1000DFF834C26282002004931E4602460346D7
:10AC200040F2712781B28D4200F23E8223B164214D
:10AC30004A43B2FBF3F2D3B22375022D4FF0000367
:10AC400023777CD9DFF8F4819B46184658F8042B0B
:10AC50007B4EA2F59C412039B14231D8C821B2FBCC
:10AC6000F1F6B6F5967F38BF4FF49676510006910F
:10AC7000710001EB42010791DDF810900021059170
:10AC800002EB060A59F804EB06EB0E0C624501D8FC
:10AC9000D64506D9069FB444674504D8079FBE45EC
:10ACA00001D8013189B2059F0137BFB2AF42059784
:10ACB000E8D1594500F20C8202D1934228BF1346D5
:10ACC000013080B2A84201D04028BFD1BBF1020FB1
:10ACD00040F21482C827B3FBF7F7B7F5967F38BF69
:10ACE0004FF496775A0011467A0002EB430ADFF8D8
:10ACF0004C81002210460592944607EB030958F850
:10AD0000046B07EB060E734502D84E4540F2E38113
:10AD1000BE44714540F2E7810CF1010C1FFA8CFC36
:10AD2000AC45ECD1642606FB0BFBBBFBF5FB84F8C2
:10AD30001CB022B10023059910F086FC03460026C2
:10AD4000022DA361A68484F8266040F2D9814623AF
:10AD50006B430693049B03EB85030793374B3746FE
:10AD6000B04653F8042B05924FF0010A0599B1FB48
:10AD7000FAF1B1F5FA6F27D346F2A81291421ED824
:10AD8000B9421CD9DDF810B04FF000095BF8040B94
:10AD9000CDE90813FFF730FDDDE908134FF0640C2F
:10ADA00018B109F101091FFA89F907988345EDD116
:10ADB000069A0CFB09F0904224BF4E460F460AF15A
:10ADC000010ABAF1410FD1D108F101081FFA88F840
:10ADD000A84502D0B8F1100FC3D1002F5DD04FF0BD
:10ADE00000081848822200210FF05DFFC246C346CA
:10ADF00043460593049B53F8049B04933946484605
:10AE0000FFF7FAFC059B0F4A68B119EB0A094BF1F1
:10AE1000000B4028804428BF4020CA4632F810105A
:10AE2000013122F8101001339BB2AB42E1D1054A47
:10AE3000002101230AE000BF40420F0088430020A8
:10AE400020F40E000642002090D0030032F8020FDA
:10AE500078B194F82600013084F826001088014467
:10AE600094F8250089B220B9B6EB410F38BF84F8B9
:10AE7000253001339BB2412BE8D164235E43B6FBFE
:10AE8000F5F684F82460B8F1000F06D0424600239E
:10AE90005046594610F0D8FB0746029927620D46E6
:10AEA000012200234FF6FF770198904200F22A8199
:10AEB000FF2B28BFFF2384F82730029B002203EBDF
:10AEC000C003FF208B4240F02F81904298BF121A9E
:10AED000039B94BFD2B2FF2284F82920002B00F0FC
:10AEE0002F811B68974A03F5F4334833934240F2AD
:10AEF0002781954AB3FBF2F3013BDBB284F828309B
:10AF000063683BB9237F4A2B81BFA2696260C3F1AA
:10AF1000640323810BB0BDE8F08F80228B480021B1
:10AF20000FF0C1FE029B894800221E1D322736F811
:10AF30003230B3F5486F2CBF3F23B3FBF7F330F843
:10AF40001310013120F813100132019993B2994284
:10AF5000EDD8480800237D491A4631F8026B324487
:10AF600092B2904207D203EB830303EB83035B00AF
:10AF700019339BB208E60133402BEED103E6802261
:10AF8000734800210FF08FFE029B71480122A3F14C
:10AF900008074FF4FA66029B57F8321053F8323024
:10AFA0005B1AB3FBF6F3591E3E299EBF30F813100F
:10AFB000013120F813100132019993B29942EAD875
:10AFC000002663490123324631F8020F904288BFC0
:10AFD0009EB203F1010388BF0246402BF4D1002E3C
:10AFE0003FF4D9AD022A7FF6D6AD019BB3EB820FB9
:10AFF0003FF7D1AD4FF4FA635E4306EB030800233D
:10B000004FF0010C9E46029957F83C0051F83C1055
:10B01000091A8E4203D8884584BF8E4401330198B3
:10B020000CF1010C1FFA8CF18842ECD8002B3FF494
:10B03000B2ADBEFBF3F364214A43411EB2FBF1F211
:10B04000C2F164022281A7E57F22ABE50122B8E5C7
:10B0500003F2355144F21A1291423FF6C0AD00237B
:10B06000C3E50123C1E53CF83370272F1AD90298B4
:10B0700050F8330007447AB1884202D3411AC729F5
:10B080000DD9FF2D08D8B04206D9A0EB060E314EDF
:10B09000691C46F825E08DB2013292B206460133B2
:10B0A0003946AFE50F46FAE756F8041B61450DD85F
:10B0B000B1FBF7FE07FB1E112939B1F5087F03F13B
:10B0C000010328BF01329BB228BF92B20130A9E52B
:10B0D0008B461346F4E536183046059E46F10006C9
:10B0E0000596013218E656453FF616AE361830463C
:10B0F000059E46F10006059602320DE600231EE687
:10B100003746CAE6AE88BE420AD028683044AE68E8
:10B11000B04205D2361AB6F57A7F84BF01339BB2AE
:10B12000013292B20835BFE68D88C72D06D98D79D8
:10B13000A84228BF2846AA4238BF2A460831C1E69D
:10B140000023DBE61FA1070090D003000843002086
:10B15000884200208843002073B5089C069E251D68
:10B160000095FFF7F1FC2EB19DF81C102A463046E1
:10B17000FFF75CFB611C2846FFF782FB207002B0E2
:10B1800070BD000070B504460B4D0EF029F90B4957
:10B190000023DAB2904200D870BD03EB430211F8ED
:10B1A000016BAA5C0B32B24204DAE25CFF2A1CBFDC
:10B1B0000132E2540133ECE7379C0020AA9B0020C7
:10B1C000F7B5274E002408F0F7FE264805F0E4FB0B
:10B1D00037460C2557F8042B13781BB1294602205B
:10B1E00009F0B4FD08353C2DF4D100250127EBB260
:10B1F0001A1B5342534105EB85000093019702232C
:10B2000003223C213A30013509F002FD032DEED135
:10B21000154A3C21022009F099FD08F0DBFE08F0F8
:10B22000C1FC08F011FDB8B108F00EFD78B9013489
:10B23000E4B208F063FD032C06F11806C3D10B4BF2
:10B2400001221A7703B0BDE8F04004F07FBA08F09D
:10B25000A9FC09F039F9E7E709F036F9DFE700BFA3
:10B260002CD5020070BA020076BA02003E540020CB
:10B2700030B50139451E012311F8014F24B9013BB6
:10B28000DBB20022C25430BD05F8014F5C1CE4B2B1
:10B29000A242F6D02346EFE710B50CF09BF809F078
:10B2A0002FF80E4B0E4C1B78A3770E4B0E491B78D4
:10B2B000E3770E4B04F121001B7884F820300FF067
:10B2C0001FFD38B10849292204F12100FFF7D0FF02
:10B2D00004F032F9BDE8104004F038BAB447002059
:10B2E0003E540020B347002089470020B247002089
:10B2F000044B054905481B78054A097800780CF08D
:10B300007FB800BFB2470020B3470020B4470020F9
:10B3100089470020134A1449144808B500231370C4
:10B32000134A1370134A13702822FFF7A1FF124A21
:10B330001249937F032B28BF00230B70D17F92F813
:10B340002020481E414241410D48003A01700D49FC
:10B3500018BF01220A701BB1BDE80840FFF7C8BF43
:10B3600008BD00BFB54700205F540020894700207A
:10B37000B1470020884700203E540020B4470020F9
:10B38000B3470020B24700202DE9F047B44C2378A2
:10B3900094B0002B00F01281FFF7C2F838B1B14A27
:10B3A00013780BB1013BDBB21370FFF795F8FFF791
:10B3B000C1F838B1AB4A1378252B9CBF0133137009
:10B3C000FFF78AF8FFF7CCF8B0B1A64BA64819787A
:10B3D000A64A455C0023164612F8017BBD4203F1E4
:10B3E000010340F0E6802A22B3FBF2F502FB15339D
:10B3F000F35C4354FFF770F8FFF7BCF828B1002363
:10B400002370FFF775FFFFF767F808A80CF086F8C0
:10B410009DF82E0030B109F03DFBFA23B0FBF3F0AC
:10B4200000F0010008F05CFFFFF75CF8002800F076
:10B43000BD800EA80CF072F808F0BEFD8C4805F037
:10B44000ABFA05F0C5F98B4B1A78012A00F0408160
:10B45000894B8A49022A08BF0B460493884B894AC4
:10B460001978894B894EDFF85482012908BF1346A9
:10B470000593874B874A1978874B002918BF1346D5
:10B480000693864B07930A2500240DF1100956F800
:10B49000042B2946022009F059FC032C5FFA84FA98
:10B4A00040F01881704A2221282009F04FFC98F8BA
:10B4B0000030534505D108238022691E002009F081
:10B4C000D7FB0134042C05F10805E0D12B227F21A4
:10B4D000002009F08BFB724A2E21022009F036FC75
:10B4E0000DF146050E24002615F8013F8DF8026087
:10B4F0001A099F2B03F00F0394BF30323732092B08
:10B5000094BF303337338DF8002020466A462E2111
:10B510000B348DF8013009F019FC5B2CE4D1614B40
:10B520009DF846206049002A18BF19460A460220A5
:10B53000222109F00BFC0E9901A809F033FC01AAA5
:10B540002221402009F002FC01A809F023FC574AFF
:10B550002221413009F0FAFB0F9901A809F022FCE1
:10B5600001AA2A21022009F0F1FB01A809F012FC2E
:10B570004F4A2A21033009F0E9FBBDF8441001A825
:10B5800009F010FC01AA2A21402009F0DFFB01A8E4
:10B5900009F000FC474A2A21413009F0D7FB464A0E
:10B5A0003A21022009F0D2FB08F014FD14B0BDE8E6
:10B5B000F0872A2B7FF410AF41231AE7FEF7B0FF84
:10B5C000B8B1FEF7ADFF3D4B1B78002814BF4FF01C
:10B5D000FF320122012B31D1294B19780A4402F0A4
:10B5E00001021A70234B1B78002B36D1FEF774FF33
:10B5F00003E0FEF79FFF0028E3D1FEF7B1FF78B12B
:10B600002E4A1378032B09BF012301332370154BF6
:10B610000BBF002203F003031A701370FEF75CFFE8
:10B62000FEF7A8FF00283FF4F0AE0BF085FF24489A
:10B630004FF41672002105F039FAE6E6022B41D0EC
:10B64000002BD3D10B490B78033313440322B3FBF4
:10B65000F2F202EB42029B1A0B70FFF749FEC5E7BC
:10B66000B14700208847002089470020A4D5020068
:10B67000DEB90200B4470020A5BB02001ACF0200C9
:10B68000B34700207EBB020083BB020074D50200DA
:10B69000B247002087BB02008EBB0200B8BB02008D
:10B6A0006EBD020095BB02009FBB0200BFBB020043
:10B6B000C4BB0200CABB0200D2BB0200B5470020D7
:10B6C000A9BB0200084A137883F00103137089E7CD
:10B6D000064BC2E659F82470384609F05BFB3A463F
:10B6E0002946C0F17E00E0E6B247002076BB0200AA
:10B6F00010B5084C08F004FE23782BB1064BD8781F
:10B700000DF04AFE002323700DF0DCFDBDE8104073
:10B7100002F0D0BD004900203E5400202DE9F04F3A
:10B720005E4D2B78022BC3B004464ED15C4A1368A1
:10B73000C31AB3F5FA6F2ADB5A4E106018235A4A1F
:10B7400000964FF4967140F692100DF035FF574B6E
:10B75000574A93F832300192002B2DAA01460092ED
:10B7600008BF6423504832460CF028F968B1514AAA
:10B7700051499DF9B43013700A78504E0F2A19D8E8
:10B7800023EAE373501CB3540870FEF7A5FE4C4A3D
:10B790001378002B00F0AA804A490B68002B40F078
:10B7A0009B800C607D23B4FBF3F000F0010008F0F7
:10B7B00097FD9BE00F22711C30460FF05BFA9DF95C
:10B7C000B43023EAE373F373DFE70DF033FE0DF0DB
:10B7D00007FE542828BF54203B4BDFF8D0C0C0B22E
:10B7E00003A918AE2DAF00225FFA82FE704503F167
:10B7F000030344D8354E2DAB306818AA03A90BF0CB
:10B80000C1FE306890F85031002BC0D10BF048FFDA
:10B8100030682F4900F1A70200F1FB0792F855307C
:10B8200012F801CFA3EB0C0383F30503DB0097426F
:10B8300001F8013BF2D195F80090B9F1010FA4D1C4
:10B84000244B1B78002BA0D00CF07EF8DFF870B0F2
:10B850001C4F80464FF0000A5FFA8AF1884594D960
:10B8600030680CF075F8C37933B18378092B82BF47
:10B8700000238BF800903B600AF1010AECE713F813
:10B8800001EC01F801EB13F803EC06F801EB1CF8EE
:10B8900001EB07F801EB0132A6E700BF03490020E6
:10B8A000C0470020D8470020E8470020AA9B00207E
:10B8B00094000020D5470020C4470020C547002041
:10B8C000BC470020B8470020379C002004490020D6
:10B8D000A848002002490020E31A40F6B8318B4204
:10B8E0007FF760AF0023137008F00AFDFEF738FE03
:10B8F000E0B12C7803230134B4FBF3F303EB4303EF
:10B90000E41A012C2C7040F09080694B18680CF000
:10B910002BF8684B684969481C704FF4617205F058
:10B92000C5F8674B00221A70FEF7D6FD022008F01A
:10B93000ADF9A0B12E7896B9624CFEF7DBFD237805
:10B94000002B7BD04FF4166040F6B31126700DF03B
:10B950006FFC5D4BD8780DF01FFDFEF7BDFDFEF7C7
:10B96000DFFD90B12B78022B0FD0514B18680BF0F4
:10B97000EBFF40B1524A13780344013BB3FBF0F1B3
:10B9800000FB11331370FEF7A7FDFEF7D3FD88B15E
:10B990002B78022B0ED0464B18680BF0D5FF38B130
:10B9A000474A13780133B3FBF0F100FB11331370F6
:10B9B000FEF792FDFEF796FD002833D024220021E9
:10B9C0002DA80FF070F92B788DF8B430394B1B7817
:10B9D0008DF8B5303D4B2E9354238DF8BC30384B49
:10B9E0001B788DF8BD30324B1B683093384B1B7879
:10B9F0008DF8C430374B1B683293374B3393374B3A
:10BA00001B788DF8D0302F4B1B788DF8D130344B0C
:10BA10001B88ADF8D230334B2DA81B88ADF8D4303D
:10BA200000F060FB43B0BDE8F08F022C7FF479AFEB
:10BA30002A4A002313702C4A136072E71C4E3068A8
:10BA40000BF082FF1E4B1978814288D230680BF0D0
:10BA50007FFF8379022B82D1037901885B0803F58C
:10BA600016629142C8BFC81A194489B240F6B3138E
:10BA7000CCBF80B24FF41660994228BF1946194BCB
:10BA8000174A1980012323700F4B1080DC783F2C5C
:10BA90009ABFA400E4B2FF240DF0CAFB20460DF0CB
:10BAA0007BFC124912484FF4487204F0FFFF54E740
:10BAB000044900200249002001BC020013BC02001E
:10BAC00001490020004900203E540020A8480020E1
:10BAD000D547002094000020C5470020C44700201F
:10BAE000FE480020FC480020C04700201EBC020089
:10BAF0002DBC020008B5114B186808B91048186031
:10BB00000BF039FD0F4A002313700F4A13700F4AD0
:10BB100013700F4A13700F4A13600F4A13700F4AC5
:10BB200013700DF0CFFB40F6B3114FF416600DF01B
:10BB30007FFBBDE8084008F0E3BB00BF04490020DC
:10BB40000002002003490020024900200149002092
:10BB5000C4470020C0470020BC4700200049002007
:10BB600008B5074B42791B789A4206D105490FF078
:10BB700071F8B0FA80F0400908BD0020FCE700BF72
:10BB800081490020824900202DE9F0470026DFF896
:10BB90002481DFF8249186B035460CF0B1FFF4B271
:10BBA000A04206D815B1394B01221A7006B0BDE883
:10BBB000F08720460CF082FF0446002850D0836DA9
:10BBC000D8F800209B1A002B4ADD99F80030002B92
:10BBD00042D12F49A26D0B78C8F8002001330B70B9
:10BBE0002C4B2D4D1A602D4BB4F856201A802C4B3F
:10BBF00094F854201A8004F10907A27995F90000FD
:10BC000039460BF095FF95F9002082420BD0287041
:10BC10000BF046FF30B395F900000BF041FF0146F1
:10BC200020480CF089FA95F90000A279002827DB5A
:10BC30006B4639460BF0FAFFB0B11B4ABDF8043031
:10BC400093800098194B10609DF804201A70184BCF
:10BC500000221A70012503E0FFF782FF0028B8D107
:10BC600001369AE7A179DBE7A27995F9000002ABEA
:10BC700039460CF011FA0028ECD00D4B0122E8E710
:10BC8000084839460CF06DFAE4E700BF9C490020F3
:10BC90008C490020944900208049002098490020C8
:10BCA0000C49002054490020104900200F49002071
:10BCB0000E49002090490020814900202DE9F04FD5
:10BCC000AB4A1368C31AB3F57A7F89B0044608DB20
:10BCD000A84B1060A84A1978917100221A70FEF7DB
:10BCE000FBFBA64E96F80090B9F1010F40F0B18031
:10BCF000A34BDFF8A0825D7EA24F4FF0550A4FF0B4
:10BD0000AA0BCDE900AB003D18BF01252B4602224E
:10BD1000B8F8000019210DF07BF8FFF735FF3B68FC
:10BD200040F2EE22E31A934240F39380CDE900AB58
:10BD30002B464A46B8F8000004210DF069F83B682C
:10BD400040F2DC52E31A934240F3838000233370C5
:10BD50008D4B4FF416621A808C4A1378013313709E
:10BD6000894FDFF848923D880F3540F6B313ADB2E6
:10BD70009D4204A828BF1D460BF080FE049B019342
:10BD80007F4B02905B7E003B18BF01230093022390
:10BD900038881A4629460CF0EBFEFFF7F5FE99F8B5
:10BDA0000080B8F1000F47D10C2105A80CF050FE1F
:10BDB000002841D09DF814000CF03AFE05460028FA
:10BDC0003AD08389002B37D04279014670480EF073
:10BDD000A9FF704B2A891A806F4B6979AA7A6C483F
:10BDE0001A8089F800100BF067FE6C4D0123287053
:10BDF000404633700CF062FE18B140460CF05EFE17
:10BE0000806D674B18605F4B186095F900000BF070
:10BE100047FE002800F08B8095F900000BF040FEF3
:10BE2000014660480CF088F906225F4800210EF0B8
:10BE30003AFF504B00221A7033786BB93B881033AD
:10BE40009BB240F6B312934288BF4FF416633B8017
:10BE500002E03378002B83D0FEF782FB18B1534BFE
:10BE60001B78002B7FD1524A1368E31AC72B02D9E3
:10BE70001460FEF731FBFEF735FB002800F0C880A8
:10BE8000464B3D4D1B782B70424B1B886B803378A3
:10BE9000012B6AD13B4B1B68E41AB4F5C87FACBFD9
:10BEA000002401243C4B2C711B886B71314B414C9D
:10BEB0001B78AB71354B3B481B78EB713E4B1B78C5
:10BEC0002B72394B1A689B88A3803C4BC5F809201C
:10BED0001B78EB730CF062F90A3428610025E9B293
:10BEE00030480CF077F9013504F8010F142D207556
:10BEF000F5D12E4B1C78002C40F0888020460CF0A9
:10BF0000DDFD70B12E4900F1080223468579DCB2CF
:10BF1000A54206D9013312F8014F01F8014F142B45
:10BF2000F4D1154809B0BDE8F04F00F003BB0A2179
:10BF300077E701370CF0E4FDFDB2A84293D928461B
:10BF40000CF0BCFD05460028F3D0FFF709FE0028E1
:10BF5000EFD028460CF0ECFD1A491B484FF46172F3
:10BF600004F0A4FD7FE70027E4E700249AE700BF80
:10BF7000884900208C490020184900209C49002055
:10BF80003E540020944900209A4900208D49002009
:10BF900082490020984900200C4900208049002057
:10BFA0009049002054490020104900208149002078
:10BFB00008490020214900200F4900200E49002097
:10BFC0003F49002046BC02005CBC020001350CF079
:10BFD00097FDECB2A042A4D920460CF06FFD0446B8
:10BFE0000028F3D0FFF7BCFD0028EFD00A4904F188
:10BFF00008020023A579D8B2854292D9013312F8FC
:10C00000010F01F8010F142BF4D18AE70025DEE7B8
:10C0100009B0BDE8F08F00BF3F49002010B54FF4D4
:10C02000005117480CF002FC164B174800241C70F6
:10C03000164B4FF416621A80154B1C70154BFF22DD
:10C040001A70154B1C70154B1C70154B1C60154B52
:10C050001C70154B1C70154B80221A80144B1C60F1
:10C06000144B1C60144B21462C221C600EF01BFE4E
:10C0700021461248BDE810403C220EF014BE00BF1D
:10C08000000200209C490020544900209A490020C9
:10C0900081490020804900208D4900208C490020E2
:10C0A000884900200F4900200E4900200C4900203B
:10C0B0000849002090490020944900201849002098
:10C0C0000128024605D0044B0448022A08BF18463E
:10C0D00070470348704700BF20BA020079C40200CD
:10C0E0006DBC02002DE9F04F044689B007F064FFF3
:10C0F000944804F051FC04F06BFB637F002B6ED07E
:10C10000914A0221322008F021FE218CE38B9942D2
:10C1100023BF0131C91A89B2002103A808F042FEE9
:10C1200003AA02215A2008F011FE03A808F032FEEB
:10C13000864A02215B3008F009FE2678022E40F084
:10C140009C80834A1A21304608F000FE94F91010B2
:10C1500005A808F027FE05AA1A21422008F0F6FDDE
:10C1600005A808F017FE7B4A1A21433008F0EEFDBF
:10C1700001250023CDE900357C2208232421304607
:10C1800008F046FD94F910203C2AA8BF3C22C2EBDF
:10C190000212D2003B2A09D93C21CDE90055B2FB5D
:10C1A000F1F206232521032008F032FD606908F032
:10C1B000F1FDC0F1800000EBD070626932214010C7
:10C1C00008F0C4FD237F012B4FD8634A0C210220C5
:10C1D00008F0BCFD07F0FEFE09B0BDE8F08F207846
:10C1E000FFF76EFF022102463220A4E70BFB08F79F
:10C1F000013BA7F17C00B7FBF3F7B0FBF3F0A369B9
:10C200009D5C13F80860142D00F1020007F102078D
:10C2100028BF1425142E28BF1426B842014609FB56
:10C2200005F5B8BF3946B5FBFAF5B842C5F13E058C
:10C23000A8BF38462A4609FB06F6B6FBFAF6C6F151
:10C240003E0608F0D3FCB5422A46B8BF3246B54296
:10C2500029463846A8BF314608F0B6FC4246237F3F
:10C2600002F101084345C1DCAFE700224FF07C0B2F
:10C270004FF006094FF0140AF1E7217A0922023142
:10C28000012008F0B3FC217A1C220231012008F0C1
:10C29000ADFC0025FF26237AEAB2934201D9542D42
:10C2A0003ED1627FB2B1228CE08B824212D3A2F5E2
:10C2B00016629A42A0F5166020EAE070A8BF03F16A
:10C2C000FF32904206DC121A142301320921023097
:10C2D00008F0CEFC214A1D21022008F037FD204A3B
:10C2E0001D21722008F032FDD4F80C9048460BF066
:10C2F0002BFB804600283BD12378012B1FD161788E
:10C30000184A194B002908BF1A462421022008F0B8
:10C310001DFD2378012B7FF45DAF144A2E2156E7D3
:10C320006368595D0901FE2907D9B1FBF6F11A22AC
:10C33000C1F11C01A81C08F047FC0135ABE70A4A13
:10C34000E3E700BF9FBC02002DBC020046C2020012
:10C35000A5BC0200BBC10200B3BC0200CCBC020001
:10C36000CFBC020072BC020089BC0200D4BC020037
:10C3700000265FFA86FB594648460BF0E9FA06EBC1
:10C38000C60A0AF120050746018805A808F00AFD3B
:10C3900005AA2946022008F0D9FC05A808F0FAFCF5
:10C3A0002F4A2946043008F0D1FCB97805A8494243
:10C3B00008F0F8FC05AA2946182008F0C7FC05A8D3
:10C3C00008F0E8FC274A2946193008F0BFFCF97844
:10C3D00005A808F0E7FC05AA29462E2008F0B6FCBF
:10C3E00005A808F0D7FC204A29462F3008F0AEFCFB
:10C3F000B8790BF0D7FA294602463E2008F0A6FC91
:10C40000F87918B3194A2946742008F09FFC022EC7
:10C4100003D00136F3B29845ABD8B8F1030F7FF6DD
:10C42000D9AE414605A808F0BDFC05A808F0B2FC4D
:10C4300005AA0221C0F17E0008F088FC05A808F0DA
:10C44000A9FC0B4A0221C0F17800C1E6637A5B4582
:10C45000DDD1092380220AF11F0108F009FCD6E78B
:10C4600009C00200BBC10200ECBC0200EEBC02002D
:10C4700073C802002DE9F743044616460A460146F2
:10C4800002201D4608F062FC221D67211A2008F0D8
:10C49000ADFBD5B3A71D3A46611C412008F094FBC3
:10C4A00086EAE672A2EBE672D2B2262312FB03F210
:10C4B00040F63B718A4214DC632A0FDC3146684641
:10C4C00008F070FC684608F065FC6A462146C0F139
:10C4D0007E0008F03BFC03B0BDE8F0836423B2FBB0
:10C4E000F3F3002EB4BFC3F141084FF0420808EB4C
:10C4F000030504F1020940463A46494608F101089D
:10C5000008F062FBA845F6DBD8E74E23F5B21A2700
:10C510005D4304F10608FF2304F10209B5FBF3F5BE
:10C520003D44BD42CADD38464246494608F04CFB10
:10C530000137F6E72DE9F047044686B007F03CFDE9
:10C54000A54804F029FA04F043F92379ABB9E3884C
:10C550009BB9A24A1821022008F0F8FBA04A222128
:10C56000022008F0F3FB9F4A2C21022008F0EEFB8A
:10C5700006B0BDE8F04707F02DBDE37B8BB19A4ACA
:10C580001621022008F0E2FB984A2021022008F040
:10C59000DDFB974A2A21022008F0D8FB954A382172
:10C5A000E3E70221944A084608F0D0FB618803A81B
:10C5B00008F0F8FB0221084603AA08F0C7FB03A80D
:10C5C00008F0E8FB8D4A0430022108F0BFFB94F923
:10C5D00000000028C0F2B3800BF056FA054628464A
:10C5E00008F0D8FB2A460221C0F17E0008F0AEFB1D
:10C5F00094F90030002BC0F2AB8094F909208049F7
:10C6000000230B20FFF736FF94F90A207D49012310
:10C610001420FFF72FFF94F90B207B4901231D20E5
:10C62000FFF728FF794994F90C2001232620FFF712
:10C6300021FF227A12F001031CBF46218DF804105D
:10C64000970706D5591C18336B44522003F8140C75
:10C65000CBB2560706D5591C18336B44482003F853
:10C66000140CCBB2150706D5591C18336B44562051
:10C6700003F8140CCBB2D00606D5591C18336B4402
:10C68000502003F8140CCBB2910606D5591C183370
:10C690006B44582003F8140CCBB2520651D55A1CE7
:10C6A00018336B444C2103F8141CD3B218336B4479
:10C6B000002203F8142C382101AA022008F046FBBE
:10C6C000617903A8494208F06DFB03AA38211C20B8
:10C6D00008F03CFB03A808F05DFB4D4A38211D30F3
:10C6E00008F034FBA17903A808F05CFB03AA382109
:10C6F000342008F02BFB03A808F04CFB3821454AF6
:10C70000353008F023FBE179A1B103A808F04AFB1A
:10C7100003A808F03FFB404A3821C0F17A0008F036
:10C7200015FB03A808F036FB03AA3821C0F17E00F0
:10C7300008F00CFB07F04EFC06B0BDE8F087374D63
:10C740004DE7002BB2D12D238DF804300123ADE746
:10C75000002604F1140735464FF001094FF0420A54
:10C760004FF00A08226909FA06F313421FD0F3B208
:10C77000B3FBF8F208FB123330338DF80630002398
:10C7800002F130018DF807303A7D3B788DF80510C5
:10C79000D21A4FF0090C0B2005FB0C00012352B2FA
:10C7A00001A98DF804A0FFF765FE0135EDB2132E47
:10C7B00009D0042D06F1010607F10107D2D1184A6C
:10C7C00038210220B4E7002DF9D1164A0B210220AE
:10C7D00008F0BCFAF3E700BFF3BC0200FBBC0200A8
:10C7E0000ABD020020BD020039BD020044BD0200A6
:10C7F00058BD020071BD020047CD02007FBF02009C
:10C800008ABD02008EBD020092BD02006ED0020001
:10C81000BBC1020096BD02009ABD020031BD0200FC
:10C82000B2BD02009DBD0200034A00231370034AFB
:10C830001380034A13807047B0490020AE4900209E
:10C84000AC490020024B1A78024B53F82200704783
:10C85000C349002028D60200024B1A78024B53F835
:10C8600022007047C24900201CD60200024B1A78F1
:10C87000024B53F8220070479A00002010D60200A5
:10C88000044B054A1878054B002818BF1A46104675
:10C89000704700BF99000020A5BB0200D4C502006C
:10C8A00008B50021084609F009FCBDE8084007F07A
:10C8B00027BD0000044A00231370044A1370044A81
:10C8C000136007F01DBD00BFB9490020B849002022
:10C8D000B449002007F014BD08B509F017FF402146
:10C8E000144809F0EBFB144A00231370134AFF218C
:10C8F0001170134A13491370134B93F85220042AF2
:10C9000028BF00220A7093F853201049032A28BF39
:10C9100000220A7093F854200D4993F85530032AE9
:10C9200028BF01220A70003B0A4A18BF0123137076
:10C9300008BD00BF00020020C1490020980000206F
:10C94000BA490020C34900203E540020C2490020BB
:10C950009A00002099000020044B1978FF2902D08A
:10C96000034809F0D7BB0020704700BF98000020A3
:10C97000BB49002037B505461E2009F0E3FE384AC2
:10C9800013681E33B3F5167F33D21360354A13682C
:10C99000EB1AB3F5FA7F0ED31560FFF7DDFF0446FF
:10C9A00008B190F90A40304A13787B2B26D8591CDD
:10C9B00011702E4AD454FDF7B3FD40B12C4A1378C0
:10C9C000062B38BF0623063B1370FDF785FDFDF7E8
:10C9D000B1FD28B1264A137806331370FDF77CFDAC
:10C9E000FFF7BAFF044690B903B0BDE83040FDF749
:10C9F0005FBD00231360FDF76FFDC7E71D497B2274
:10CA0000481E0EF037F91C4B83F8F745D3E7FDF7C6
:10CA1000A7FD28B1194803B0BDE83040FDF71EBDA1
:10CA2000FDF760FDD0B1144A28232946204604F0C2
:10CA3000FBFE0346072801460D4838BF072302784E
:10CA4000073BDBB29A4284BF03701A46064B1B7841
:10CA50000093064BA3F27C5005F07CF803B030BD88
:10CA6000A4490020B4490020B84900207C270020B8
:10CA7000B94900207D27002000220020D8D60200DE
:10CA80002DE9F34106461E2009F05CFEFFF764FF26
:10CA9000054620B902B0BDE8F041FDF709BD3A49AD
:10CAA000408A0B88834210D0384C95F90A30B4F98B
:10CAB00000209BB2002A5DD012EB420248BF033235
:10CAC00003EBA2039BB223800880EF6940F6B733E3
:10CAD000F71B9F4250D82D4BB3F90040002C03D0D8
:10CAE000B8BF033444F38704294A1368F31AF92BB7
:10CAF00016D9DFF8AC80166098F800307C2B08D18E
:10CB000024497B22481E0EF0B5F898F80030013B0E
:10CB1000DBB25A1C88F800201F4AD454FDF7DCFC15
:10CB20001E4BD87950B14CB304F16403052293FB3A
:10CB3000F2F3013324D40F2B24DCD8B207F0F0FB3E
:10CB4000304607F0FDFBFDF70BFD20B1144B002232
:10CB50001A70FDF7C1FCFDF7C5FC40B1104B1B7806
:10CB600000933A460C4B2146284605F055F802B092
:10CB7000BDE8F0819B00A5E70024B5E72346DCE78C
:10CB80000120DBE70F20D9E7AE490020AC490020A7
:10CB9000A049002001270020002700203E5400204B
:10CBA000B0490020054A1378013303F003031370E2
:10CBB000034A82F8523002F0BFBC00BFC3490020D4
:10CBC0003E54002007490B7803220133B3FBF2F2F5
:10CBD00002EB42029B1A044ADBB20B7082F853301C
:10CBE00002F0AABCC24900203E54002007490B783D
:10CBF00003220133B3FBF2F202EB42029B1A044A16
:10CC0000DBB20B7082F8543002F096BC9A00002020
:10CC10003E540020044A137883F001031370034A42
:10CC200082F8553002F088BC990000203E54002064
:10CC300008B509F051FA034B034A002818BF1A46F9
:10CC4000104608BD47CD02005CC30200084B8A4273
:10CC500010B51A700BD2805C09F04CFA062204461B
:10CC6000014604480EF05EF8034BA2791A7010BD1D
:10CC7000C1490020BB490020980000202DE9F04F59
:10CC8000044697B01E2009F05DFD544A13681E3318
:10CC9000B3F5967F39D21360514B187809F0AAFC8E
:10CCA000504B1D7806461DB1204609F05DFA054639
:10CCB0004D4B1A78B24202D01E70FDF70DFC4DB3F9
:10CCC0002B783BB3042007F02BFB204607F038FB02
:10CCD000DFF82C81454B98F800201B7806AF4021E7
:10CCE000384609F005FCBA4604464FF0000B5FFADF
:10CCF0008BF94C4513D83E4A1378A34220D3002C1D
:10CD00004ED0631EDBB213701AE000231360FDF7F0
:10CD1000E3FBC1E70EB10120D5E73046D3E71AF8AF
:10CD2000010B09F0E7F9334B81791A78914234D13C
:10CD3000314906220DF08EFF78BB2D4B83F8009011
:10CD4000FDF7EEFB50B12A4B1A780AB1013AD2B284
:10CD500021463846FFF77AFFFDF7BEFBFDF7EAFBF9
:10CD600058B1234B1A78531CA342B8BFDAB22146FC
:10CD70003846FFF76BFFFDF7AFFBFDF7F1FB88B11E
:10CD800044B11B4B38461A782146FFF75FFF1B481A
:10CD9000FDF764FB17B0BDE8F08F0BF1010BA6E7C0
:10CDA0002346B0E7FDF79EFB0028F3D0104B009719
:10CDB0001B788DF8053098F800308DF806308DF826
:10CDC000044009F04BFF8DF80C600290049509F0C7
:10CDD0004BFF0590684604F0EBFBDBE7A849002019
:10CDE0009A00002099000020BA490020C249002082
:10CDF000C149002098000020BB490020F8D602005D
:10CE0000C349002008B509F067F928B109F024F9F1
:10CE1000BDE8084009F07ABC08BD002009F08CBCD0
:10CE2000034A044800231370034A137009F084BCBA
:10CE3000C9490020B9CE0100C849002010B50446F8
:10CE40001E2009F07FFC184B1A681E32B2F5167FBF
:10CE500024D21A60FDF764FB30B1144B1A780AB182
:10CE6000013A1A70FDF738FBFDF764FB48B10F4B30
:10CE70000F491A78097801328A42B8BF1A70FDF753
:10CE80002BFBFDF72FFB70B1084A0949127809788E
:10CE900008482346BDE8104004F05ABF00221A603B
:10CEA000FDF71AFBD6E710BDC4490020C849002091
:10CEB000C9490020002200202DE9F041036886B016
:10CEC0000546002B77D03D4EDFF8F48000273378FD
:10CED000FCB2A34201D800240FE0242303FB048406
:10CEE0002B79A2799A4201D00137F0E7296806220E
:10CEF00020460DF0AFFE0028F6D1297FA86903AACD
:10CF000008F0D4F8297FA8696A4609F0D1FE002804
:10CF10004FD09CB933781F2B4DD85A1C284C3270F7
:10CF2000242202FB0344002120460DF0BCFE2968A8
:10CF3000062220460DF0F6FE2B79A3719DF80030F5
:10CF400023749DF80130DE0744BFBDF802206282E1
:10CF5000980744BFBDF80420A282590744BF9DF83A
:10CF60000620A2751A0744BFBDF808202283627C00
:10CF700022F010021343637495F90C30E3712B69AE
:10CF8000E360238904994FF6FF7293421CBF01337B
:10CF9000238181B19DF814506DB1092D28BF092559
:10CFA00004F11A002A462C440DF0BCFE0023A3769F
:10CFB00001E0002CE0D106B0BDE8F081C9490020B5
:10CFC00000220020024B4FF416621A80704700BF07
:10CFD0009C00002070B5FDF785FA18B10BF014FC29
:10CFE00004F0C0FF174D2E8840F6B314B44228BF9A
:10CFF000344621461E2230460BF0C6FA124A2988D2
:10D000001378013323445B1A40F6B2118E4298BF65
:10D010000134DBB294BFA4B24FF41664092B137031
:10D020002C8002D8B4F5166F03D100231370FDF7DE
:10D0300053FAFDF7A9FA18B1BDE87040FDF738BA08
:10D0400070BD00BF9C000020CA4900200BF088BAC8
:10D050000649074A0B781078034304D102F8013BD4
:10D060000133202BFAD100230B707047254A002092
:10D07000264A002008B50BF0AFFF38B10BF026FFB1
:10D0800004484FF41672002103F010FD024B0022F9
:10D090001A7008BD58BE02004A4A002008B5202276
:10D0A000074800210DF0FFFD054A002302F8013B6F
:10D0B0000133202BFAD1034B08221A7008BD00BFA0
:10D0C000264A00209E00002000B5B3B03A2200217D
:10D0D0000CA80DF0E8FD464B1B78002B40D11BA897
:10D0E0000BF016FD48B9434943484FF4966203F0EC
:10D0F000DDFC002033B05DF804FB05221BA90CA861
:10D100000DF010FE9DF871309DF8BF208DF8353080
:10D110000DF197010DF141008DF840200DF002FE58
:10D12000364B1B788DF83630354B1B88ADF83830D0
:10D13000344B1B788DF83A30334B1A78334B33F835
:10D140001230ADF83C300CA84FF4FA63ADF83E3025
:10D150000BF0D4FE0028CDD14FF44872014633E0E5
:10D160002B22002101A80DF09EFD1BA80BF0D0FC86
:10D1700060B305221BA901A80DF0D4FD9DF8713004
:10D180008DF809309DF895308DF82D309DF896304A
:10D190008DF82E301E4B1F491A788DF80A20002377
:10D1A0000DF10D008DF80B308DF80C300DF0BAFD3F
:10D1B000282101AA0DF141000BF040F901468DF83C
:10D1C000400058B94FF44872134890E74FF0E733E6
:10D1D000019340F2E753ADF80830DBE7052201A9DF
:10D1E0000CA80DF09FFD9DF809308DF8353097E7BC
:10D1F000474A002063BE020078BE0200A200002061
:10D20000A0000020464A00209F000020F0D7020026
:10D210009E000020264A002083BE02002DE9F04334
:10D2200089B0FDF77DF948B1554A1378002B00F01D
:10D230008B80013BDBB21370FDF74EF9FDF77AF9F5
:10D2400060B14F494F4A0B78127801335200B3FB5B
:10D25000F2F002FB10330B70FDF73EF9FDF780F999
:10D26000A8B1474B484C1B78580813F00101225CC9
:10D2700014BF02F00F031309013303F00F03002959
:10D2800066D022F00F0213432354FDF725F9FDF772
:10D2900029F9002855D006F08FFE3C48394F3C4E06
:10D2A00003F07AFB3B4A0C21022007F04FFD3A4A7B
:10D2B0001321022007F04AFD0024387884423EDA28
:10D2C0005FFA84FEA0EB0E05EDB22F4A082D28BFB1
:10D2D0000825224401AB4FF0000C4FF020085FFA04
:10D2E0008CF1A94203F1030337D370451DBF05EB51
:10D2F0004503DBB203F1FF33002320336B440022EC
:10D3000003F81C2C022001AA04F11E0107F01EFDE7
:10D310001B4B1878B4EB500F4FEA50030CDC25443C
:10D32000AB4209DAA0EB440080000723032204F19A
:10D330001D01023007F09CFC0834202CBDD106F002
:10D3400049FE09B0BDE8F0830E4B1B785B0070E727
:10D3500002F00F0242EA031396E712F8011B03F8EA
:10D36000018C4FEA111901F00F0116F80990715C58
:10D3700003F8039C03F8021C0CF1010CAFE700BF9B
:10D38000254A00209E000020264A00209FC7020058
:10D3900078D702008DBE0200A3BE020010B5104B6C
:10D3A000002498B01C700F4B1C700F4B01A81C7010
:10D3B0000BF0AEFB0D4B68B11C709DF859300C4A58
:10D3C000A34208BF022313700A4BBDF85A201A80EB
:10D3D00018B010BD01221A70FFF760FEF8E700BF19
:10D3E0004A4A0020494A0020484A0020474A002073
:10D3F000A2000020A00000202DE9F041A54E3378C6
:10D400008CB00546ABB30BF019FD28460BF0EAFDD6
:10D410000BF0E2FD044658B901464FF416729E48DF
:10D4200003F044FB34700CB0BDE8F041FDF754B894
:10D43000FDF7AAF820B10CB0BDE8F041FDF738B80F
:10D44000FDF750F8954B1E78954B1F88954B93F838
:10D4500000800BF0FFFD044628460BF0E3FD234659
:10D46000009042463946304604F012FE0CB0BDE84A
:10D47000F0818A4D8C4C2B78002B23780CBF05272C
:10D480000927002B68D0FDF74BF890B1FDF748F85D
:10D4900086490B78002803F1FF3014BF4FF0FF32AC
:10D4A0000122062818D8DFE800F00F1A213138438E
:10D4B0004900FDF73FF80028E8D1FDF751F80028B2
:10D4C000D4D000232370AEE72B78134403F001037C
:10D4D0002B7000230B702370FCF7FEFFEDE7714A01
:10D4E0001178012918BF01231370F5E76C490B88E7
:10D4F0001A44B2F5166F06DB40F6C4139A4200DCFC
:10D5000093B20B80E8E74FF41663FAE768490B78AB
:10D51000134403F003030B70DEE766490B78053311
:10D5200013440522B3FBF2F202EB82029B1AF2E7EC
:10D53000FFF7B4FD604B00221A70CDE75F490B780E
:10D540001344002B04DD202B04DCDBB20B70F1E76D
:10D550000123FBE72023F9E7FCF7E2FF50B1534A30
:10D5600013783B44013BB3FBF7F107FB1133137016
:10D57000FCF7B2FFFCF7DEFF48B14C4A13780133E9
:10D58000B3FBF7F107FB11331370FCF7A5FFFCF7B2
:10D59000E7FF80B1454B1B78002B3FF44CAF082BC5
:10D5A00007D12B782BB146480CB0BDE8F041FCF711
:10D5B00055BF012386E7012006F03AFB88B1012020
:10D5C00006F08CFBB0F57A7F0BD9FCF793FFFFF7E1
:10D5D0007BFD00283FF44AAF0123337006F08EFB39
:10D5E00021E7FCF77FFF00283FF440AF2D4B354F7C
:10D5F0001B7830333B754D237B750023BB75284B5F
:10D6000007F11E00198807F0CDFB2A4B1B78323733
:10D61000002B73D02C4A384632F8131007F0C2FBA7
:10D62000264B2A4819782A4E07F0BCFB2978294A4C
:10D63000294B0596002918BF1346049306F10A03E7
:10D6400006931B4B18780CF00DFA244B09932B789A
:10D65000234A2478234D2449002B244B18BF13461A
:10D660000B93234B039303AB0093CDE907070F4BB9
:10D6700020481B780CBF052209223236002C08BF37
:10D6800028460A9603F058FC1B4A0221342007F072
:10D690005DFBEBE64A4A0020D1BE0200474A00206B
:10D6A000A0000020A2000020494A0020484A002093
:10D6B000464A00209F000020254A00209E000020AE
:10D6C000B0D70200CB490020F0D70200114A002059
:10D6D000DF490020BABE0200C1BE0200C3C302007F
:10D6E000B8BB020018C102008CD702005CC3020064
:10D6F00047CD0200C8BE0200DEBE0200024905227C
:10D7000038460DF00FFB8BE7D9BE02002DE9F04F34
:10D710008FB0FCF7E7FE002800F0B88000F0FAFBBD
:10D720008D220446002168480DF0BDFA002514261C
:10D73000EB0606D106FB05F1C1F3C711204603F045
:10D740007FFD0BF077FE01355F48FDF71BFD06F00E
:10D75000BBFE802DECD1102200210AA80DF0A3FA07
:10D7600047F67F73ADF8343007F0B6F90027DFF8DD
:10D7700060A180463E460DF11809F9101431C9B276
:10D78000204603F05DFD1022002148460DF08BFA83
:10D7900007F0A2F90AEBC605C6F580739BB22A46CC
:10D7A000FA218346CDF8009020460BF005FF059046
:10D7B00006F08AFEDDF818C0BCF1000F2CD00598E9
:10D7C000ABEB080B2A46002399B2884202F108020B
:10D7D00064D80A9B079A63440A930B9B13440B93E8
:10D7E000BDF82020BDF830301344ADF83030BDF81E
:10D7F0002220BDF832301344ADF832309DF8243089
:10D800009DF835208DF834309DF8253030449A420B
:10D8100088BF8DF8353086B2B7F5F57F03D0FF2E7F
:10D8200007F14607A9D90BF0DBFD284B2849294D04
:10D83000CDE90103244B009332460AAB264E204625
:10D84000FDF78AFC00232B70338040F662139C4264
:10D8500006D040F67A139C4202D0B4F51B6F0ED16D
:10D860005A21204603F0ECFC08F050FF4FF41670EC
:10D8700008F068FF3080003818BF0120287000F0E1
:10D8800049FB33882A78114903F01AFDFCF768FE3A
:10D8900058B10FB0BDE8F04FFCF70ABE52F8081CB3
:10D8A000594442F8081C01338EE7FCF739FE20B1D9
:10D8B0000FB0BDE8F04FFCF70FBEFCF73BFE0028B1
:10D8C000F6D10FB0BDE8F08F4B4A0020DC4A0020B3
:10D8D000104B0020DA4A0020D84A0020024B0022D8
:10D8E0001A709A73704700BF1453002070B5054634
:10D8F000FCF716FE2A4C50B1237803220233B3FB07
:10D90000F2F202EB42029B1A2370FCF7E5FDFCF7F2
:10D9100011FE50B1237803220133B3FBF2F202EB84
:10D9200042029B1A2370FCF7D7FD2378022B13D1F8
:10D93000FCF716FE28B1A37B83F00103A373FCF769
:10D94000CBFDFCF717FE38B101F0F0FD08B101F096
:10D95000FDFEA07B06F044FF124E3368EB1AB3F5D0
:10D960007A7F01D3FCF7B8FDFCF7BCFDB0B123789A
:10D97000012B01D106F022F8FCF71AFE4FF47A735E
:10D98000281AB0FBF3F0606002F07EF8A06002F0AD
:10D9900075F8A081024804F02FFD356070BD00BF0E
:10D9A0001453002010530020014B00221A707047BE
:10D9B00026530020014B00221A7070472453002088
:10D9C00008B501F0B3FD18B1BDE8084001F0BEBED6
:10D9D00008BD00002DE9F047ADF5227D42AD0023E2
:10D9E000C5E901335F4B2B605F4B07281F788046EA
:10D9F0000E463DD0012400235C494FF00C0E9946A1
:10DA0000DAB2974201D91F2C5AD93378A34224BFE6
:10DA100000233370FCF784FD48B133782344013B85
:10DA200093FBF4F204FB12333370FCF755FDFCF763
:10DA300081FD40B133780133B3FBF4F204FB1233C0
:10DA40003370FCF749FDFCF78BFD0746002864D0D6
:10DA500033780C2202FB0352506800284ED0C26873
:10DA6000002A42D00DF5227DBDE8F047FCF7F6BC58
:10DA7000012214461F2C06D83C49D0B200235FFA7D
:10DA800083FC674503D80132072AF3D1B3E751F885
:10DA900004CB9CF804C0844503F10103EFD10C23AF
:10DAA000634304F1010C324CE91854F822E00024DD
:10DAB000C1E9014445F803E05FFA8CF40872E2E73B
:10DAC00051F8042B107940450DD104F1010A0EFBE9
:10DAD00004F405EB040C1068CCF808902851CCF83D
:10DAE00004205FFA8AF401338AE7426932B1904731
:10DAF0000DF5227DBDE8F047FCF7EEBC0C2202FBE1
:10DB000003531B7A1BB11B4A1B481370AAE70DF580
:10DB1000227DBDE8F047FCF7CBBCFCF7E3FC78B115
:10DB20000DF18809CA46FBB29C420DD81348CDF8C6
:10DB300000A0337850F82800224602A903F0FCF92F
:10DB40000DF5227DBDE8F08702AA68682B6842F8CF
:10DB5000273010B1806900B1804749F8040B0137C4
:10DB60000C35E0E7EDBE0200E8DC0200ECDC020070
:10DB7000DCD80200255300207CD80200BCD802006B
:10DB800001490720FFF726BF26530020024B034917
:10DB90001878FFF71FBF00BF255300202453002033
:10DBA0000148FCF779B900BFE6C102004FF4FA70F2
:10DBB000FCF786B9024A00231370024A13707047BB
:10DBC00048530020A4000020034AD37A013303F015
:10DBD0000303D372704700BFA4000020054A937A64
:10DBE00083F0010393720BB9138170470423137000
:10DBF000704700BFA4000020044B054A987A054BEB
:10DC0000002818BF1A461046704700BFA400002025
:10DC1000A5BB0200D4C5020010B5054C637D0BB155
:10DC200006F06EFB034A00236375136010BD00BF4E
:10DC3000A4000020C853002006F062BB08B506F01F
:10DC400029FF014B186008BDD453002038B50F4C94
:10DC50000F4D237805220133B3FBF2F202EB82026F
:10DC60009B1A2370EA5C2AB90A4B597D11B15A7587
:10DC700006F046FB084B00221A602378EA5C074B4B
:10DC800083F84F20BDE8384001F056BCCC5300204B
:10DC9000C2DA0200A4000020C85300203E54002035
:10DCA00038B50E4D2B7C013303F003032B7401F0C8
:10DCB000E5FE0446287C02F059FF30B1A04204D2B0
:10DCC0002B89241AA342C8BF2C81054B2A7C83F8D8
:10DCD0005120BDE8384001F02FBC00BFA400002057
:10DCE0003E54002038B504460BF0A4FB204601F05A
:10DCF0005BFFFCF7F7FB094D20B92B68E31AB3F57E
:10DD0000C87F02D903F076F92C60FCF73DFC18B10E
:10DD1000BDE83840FCF7CCBB38BD00BF4053002005
:10DD2000014BD87AFCF766BCA400002008B501F0CE
:10DD300045FE034B034A002818BF1A46104608BD8B
:10DD40003FC302005CC3020008B501F037FE18B102
:10DD5000BDE8084001F02CBEBDE8084001F014BE4B
:10DD600008B501F0E1FDBDE808400148FCF776BBCD
:10DD70009CDA0200014B187C02F004BFA4000020D2
:10DD800008B501F033FE03230130B0FBF3F303EBDE
:10DD90004303C01AC0B201F017FE01F027FE034B87
:10DDA00083F84C00BDE8084001F0C6BB3E5400209B
:10DDB00008B501F01BFEBDE8084001F01DBE0000E3
:10DDC00008B501F033FE034B034A022808BF1A4688
:10DDD000104608BD79BF02007EBF020008B501F001
:10DDE00025FE012814BF0120022001F017FE01F0DA
:10DDF0001DFE034B83F84D00BDE8084001F09CBBBD
:10DE00003E54002008B5054B598A21B1044806F05C
:10DE1000C9FF034808BD0348FCE700BFA400002079
:10DE200037530020A5BB020008B501F013FE0230F5
:10DE30000B28A8BF6FF0090040B201F0FDFD01F012
:10DE400009FE034B83F84E00BDE8084001F074BBA7
:10DE50003E54002010B501F0FDFD0B4C0028C4BF5E
:10DE60002B2304F8013B01F0F5FD0146204606F0A6
:10DE700099FF204601340378002BFAD1034903228D
:10DE80000CF050FF004810BD2F530020BBC1020012
:10DE900010B50A4B0A4A1B78D15C69B1094C20467F
:10DEA00006F080FF20460CF04BFF07490322204478
:10DEB0000CF038FF204610BD0448FCE7CC5300208E
:10DEC000C2DA020027530020BBC10200A5BB02003A
:10DED00008B50BF07FFA034B034A002818BF1A4617
:10DEE000104608BDD4C50200A5BB020008B50BF062
:10DEF00071FA80F00100C0B20BF060FA0BF06AFA20
:10DF0000034B83F85000BDE8084001F015BB00BF8B
:10DF10003E54002008B5044B586801F00DFEBDE8E2
:10DF200008400BF063BA00BFA4000020F7B5494DCC
:10DF30002B780646042B0CD8DFE803F0030D2E6285
:10DF400071006B6803447F2BD4BF23EAE3737F2304
:10DF50006B6003B0F0BD404F012897F9004015D128
:10DF600001340DF10701E0B202F012FB064630B9B0
:10DF70000DF1070102F00CFB0028EAD034469DF8B1
:10DF800007003C7001F0E0FD6860E2E7002CCCBFC8
:10DF900004F1FF340024E4E70BF036FA05460BF0F9
:10DFA0003DFA0446FFF7B6FF631B03EBD373012E64
:10DFB00002464FEA63031DD199B2042904D94B00EC
:10DFC0000321B3FBF1F399B2462928BF4621042966
:10DFD00038BF0421914238BF501A114434BF80B277
:10DFE00040F6381089B20BF023F903B0BDE8F040D9
:10DFF00001F038BC9BB203EB4303C3F34F01E3E7EB
:10E00000164A13790344202BA8BF2023012BB8BF45
:10E010000123137103B0BDE8F04001F08DBA2C89E3
:10E02000A4EB800401F02AFD0646287C02F09EFD48
:10E03000031E08BF1823B34224EAE47403D2F61A7D
:10E04000B442A8BF3446A4B22C81003C18BF0124BE
:10E05000AC727EE7A4000020A30000203E54002004
:10E060002DE9F041534CA57A0646DDB90BF0E2F9F3
:10E07000304601F099FD5048504A01681368711A02
:10E08000B1F57A7F03F10103136022BFE3601560ED
:10E09000066006F0FFFC4A4B1B68C01A202801D915
:10E0A000FCF71AFA474B484A1B78D55C6DB3A37A44
:10E0B000DFF82081A3B902F04FFA074601F0D8FC3F
:10E0C00085420DD8637D2BB1E37D834202D9A37DC8
:10E0D000BB4201D1A775E07506F2DC53C8F80030E9
:10E0E000D8F800309B1B002BD4BF00230123617D97
:10E0F000994253D0637553B1FCF7EEF9082006F04E
:10E100000FF9304606F01CF905E02B46EFE706F064
:10E11000F7F8FCF7E1F9FCF703FA28B14FF0FF300C
:10E12000FFF704FFFCF7D8F9FCF704FA20B101204F
:10E13000FFF7FCFEFCF7D0F9FCF712FAD0B1237818
:10E1400005220133B3FBF2F202EB82029B1A042B8D
:10E15000237009D0012B4FF0000208BF1B4B228116
:10E16000A27204BFFF221A70194A06F2DC53136030
:10E17000FCF7B2F9FCF7B6F998B1154B0D481B68DE
:10E180009B1B002BD4BF00230123237502F008FD45
:10E1900006F080FC0A4B1860BDE8F081002BADD181
:10E1A000B9E7A37A002BF7D0BDE8F041142006F0C0
:10E1B0009BBC00BFA4000020D4530020D8530020F3
:10E1C00044530020CC530020C2DA0200A3000020F8
:10E1D000D0530020C85300202DE9F7438046FFF7B5
:10E1E00099FE402106460BF0A3F95B2805463FD86F
:10E1F000C0F15C04E4B2282C28BF2824244FDFF8A7
:10E2000098903B787B2B35D85A1C09F803403A701C
:10E21000204BDB7953B1B4B3C4EBC4035B002822B9
:10E22000B3FBF2F30133D8B206F07AF8404606F0B9
:10E2300087F8FCF757F93B7800932246164B29469E
:10E24000304602F083FFFCF76BF918B14FF0FF3056
:10E25000FFF76CFEFCF76EF910B10120FFF766FEC8
:10E26000FCF77EF988B103B0BDE8F043FCF720B9B4
:10E270000024C3E77B2209F1010148460CF0FAFCB7
:10E2800089F87B40C4E72046CEE703B0BDE8F083C1
:10E29000485300203E5400204953002010B5044C40
:10E2A000638A1BB9FFF736FE608210BD0020FBE7D2
:10E2B000A400002008B50F4B9978022908D0032943
:10E2C0000DD0012912D140F6C4114FF4166003E0BD
:10E2D00040F6C41140F638100AF0AAFF02E00648E2
:10E2E0000BF028F8BDE8084001F0BCBA40F6B311C5
:10E2F000EBE700BF3E540020BCDA020010B5184C1A
:10E3000094F84C0001F060FB94F84D0001F086FB9E
:10E3100094F94E0001F090FB94F85000003818BFBB
:10E3200001200BF04BF894F851300E4A042B28BF13
:10E330000023137494F84F304BB10A2B0AD00F2BE3
:10E340000AD0142B0AD01E2B14BF00230423064A24
:10E35000137010BD0123FAE70223F8E70323F6E761
:10E360003E540020A4000020CC530020034A002388
:10E370001370034A1370034A13707047E65300206A
:10E38000E5530020E453002008B501F0CFF818B1A0
:10E39000BDE8084001F0DAB908BD000038B5934C7B
:10E3A000934A23780C2101FB0322924952680D788D
:10E3B000525D152A00F21981DFE812F016001701EC
:10E3C0002200320042004B005200600069007800D9
:10E3D00086008D0094009D00AB00B200B900C9001A
:10E3E000D700E700F5000301034403F00303824A6A
:10E3F000237000230B701370BDE8384001F09CB807
:10E400007E4A13781844441C06D03F2806DCC0B26C
:10E41000107005F0B7FCEFE70020F9E73F20F7E7C1
:10E42000764A537813EB001006D4FF2806DCC0B2FE
:10E43000507005F097FCDFE70020F9E7FF20F7E7D1
:10E440006E4B187CB0FA80F04009187405F0A9FCF6
:10E45000D2E76A4A537CB3FA83F35B095374CBE780
:10E46000664A937C0344591C04D03C2B04DCDBB289
:10E470009374C1E70023FBE73C23F9E75F4A9378F5
:10E48000034403F003039370FFF714FFB4E75B4A00
:10E49000D37803EBC0008028A8BF80200428B8BF31
:10E4A0000420C0B2D0700AF077FFA5E7534A137971
:10E4B0000344002B04DD202B04DCDBB213719BE74B
:10E4C0000123FBE72023F9E74C4A5379013303F09A
:10E4D0000103537190E7494A9379B3FA83F35B09D7
:10E4E000937189E7454BD87AB0FA80F04009D87229
:10E4F0000AF05EFF80E7414A137E03445D1C04D0AE
:10E50000022B04DCDBB2137676E70223FBE7002361
:10E51000F9E73A4A537EB3FA83F35B0953766BE724
:10E52000364AD379B3FA83F35B09D37164E7334A8C
:10E53000537A0A2101FB0033002B04DBFA2B04DCA5
:10E54000DBB2537258E70023FBE7FA23F9E72B4AC3
:10E55000137A03445C1C04D03C2B04DCDBB2137242
:10E560004AE70023FBE73C23F9E72449244A4B7F91
:10E5700012780344581C03D1013AD3B24B773BE7DE
:10E580009A42CCBFDBB20023F8E71C4AD37C034499
:10E59000052B04DD282B04DCDBB2D3742CE7062327
:10E5A000FBE72823F9E7154A137D0344002B04DD1C
:10E5B000322B04DCDBB213751EE70123FBE73223A9
:10E5C000F9E70E4A938900EB80001844B0F5966F86
:10E5D000A8BF4FF49660B0F5487FB8BF4FF44870BD
:10E5E00080B2908105F0E0F906E738BDE6530020DF
:10E5F000F8DA0200E5530020E45300203E540020E6
:10E6000084DC02002DE9F04FA74EDFF8F882327863
:10E61000A64CA74F0C2303FB0282397892F808908E
:10E620002378A1B04B4528BF002300295BD0FBF71E
:10E6300077FF28B14FF0FF30FFF7B0FEFBF74CFF3C
:10E64000FBF778FF20B10120FFF7A8FEFBF744FF9E
:10E65000FBF786FF18B100233B70FBF73DFFFBF78C
:10E6600041FF00283CD033784FF00C0A0AFB0383AB
:10E670000DF1200B1B7A534528BF534603930DF130
:10E6800050090025039BEAB2934254D8894B39784C
:10E69000894A04AD002918BF1A46114628460CF0D5
:10E6A00039FB28460CF04CFB3278844B53F822306F
:10E6B000C0B2013B13F8012F1AB1C1B20E2940F2CA
:10E6C000238100F180030DEB0300002300F8703C70
:10E6D00008AB00932378039A14A9284602F02CFC77
:10E6E00021B0BDE8F08F5268D55CFBF719FF48B147
:10E6F00023784B44013B93FBF9F209FB123323705F
:10E70000FBF7EAFEFBF716FF40B123780133B3FBBA
:10E71000F9F209FB12332370FBF7DEFEFBF720FF53
:10E7200000289CD0012D04D121B0BDE8F04FFBF7AB
:10E73000BFBE012390E731780AFB01F208EB02002B
:10E7400058F8022052F8252049F8042B4268525DFF
:10E750000023012ACBF8003003D101350BF1040B63
:10E7600090E7152AF9D801A050F822F0C5E701007A
:10E770005BE70100D1E70100DDE70100E3E701000D
:10E78000F3E70100F9E7010009E801001DE80100D5
:10E7900023E8010029E8010039E8010043E801000D
:10E7A00049E8010061E801006BE8010071E801003F
:10E7B00077E801007DE8010091E8010097E8010099
:10E7C000A1E801003D4A52F82120CBF80020C4E71F
:10E7D0003B4A11783B4806F0E5FA12E0384A517896
:10E7E000F8E7374A107C384A3849002818BF0A46EB
:10E7F000EBE7334A507CF6E7314A917C0029E9D1B6
:10E800003148CBF80000A8E72D4A9278032A03D8B4
:10E810002F4951F82220D8E72E4AD6E7284AD17846
:10E82000D8E7274A1179D5E7254A2B4950792B4A51
:10E83000012808BF0A46C8E7214A29499079294A90
:10E84000D3E71F4AD07ACEE71D4A117E012905D0B1
:10E85000234A2548022908BF0246B6E7234AB4E7FF
:10E86000174A2349507E234ABFE7154AD079BAE7B1
:10E87000134A517AAEE7124A117AABE7104A1E49A1
:10E88000527F0978914201D91C49C2E71C4A9CE792
:10E890000B4AD17C9EE70A4A117D6422514399E7D5
:10E8A000074A918996E700BFE6530020E553002010
:10E8B000E453002013C002001AC0020044DB02002F
:10E8C0003E540020DC530020A5BB0200D4C502004A
:10E8D000C8DA02002CD40200EEBF0200F5BF02002D
:10E8E000FABF0200FFBF020008C0020005C002001C
:10E8F0000BC002000FC0020084DC020088DC0200B2
:10E9000020C00200F8DA02002A540130D2E600BF2B
:10E91000014B00221A707047E75300207FB51C4D51
:10E920002988044609B91B4B19881B4A1B48137ECA
:10E93000527E0678003A18BF012206B30126CDE9BF
:10E940000106009208461E220AF012F92B8853B9DC
:10E95000104A138840F6B2118B429ABF01339BB222
:10E960004FF4166313800E4A1368E31AB3F5967FCB
:10E970000BD3146004B0BDE87040FBF7ADBD00924E
:10E9800008461E220AF036FAE0E704B070BD00BF68
:10E99000F05300202C0100203E540020EA530020B8
:10E9A000EC53002073B54C4DFFF7B8FF2E789EB3A3
:10E9B000FBF7B6FD28B1494A1378013B1370FBF70A
:10E9C0008BFDFBF7B7FD28B1444A13780133137070
:10E9D000FBF782FD022005F059F928B1FBF78AFD0B
:10E9E00000232B70FBF778FDFBF7BAFD48B13B4BDA
:10E9F0001A783B4B1A7000232B7009F00BFFFBF7C2
:10EA00006BFDFBF76FFD00285AD0344B187802B02D
:10EA1000BDE8704003F0A6BF022005F037F90446B8
:10EA200090B1FBF767FD2E4B1A783AB11E7009F0D2
:10EA3000F1FE02B0BDE87040FBF74EBD274B5522FA
:10EA40001A7001232B70F4E7FBF76AFD58B1254AD1
:10EA50001388002B36D0B3F5166F36D9013B98B228
:10EA60001080FBF739FDFBF765FD58B11D4A13888F
:10EA70006BB340F6B2118B422CD801339BB213809A
:10EA8000FBF72AFDFBF76CFD28B10AF039F810B14D
:10EA90001548FBF7E3FCFBF725FD88B1114B1D88FA
:10EAA000124B1E880AF054F804460AF059F80C4A32
:10EAB00012780092034622463146284603F018FE9B
:10EAC00002B070BD40F6B310CAE72046C8E74FF465
:10EAD0001663D4E70023D2E7E9530020E85300206F
:10EAE000EA530020F053002054DB02002C010020E8
:10EAF00008B50A484FF4005109F098FE084B4FF44E
:10EB000016621A80074A00231360074A1370074AE7
:10EB10001370074B55221A7008BD00BF0002002079
:10EB20002C010020EC530020EA530020E953002080
:10EB3000E853002070B598B0FFF7F0FE09F0E0FF51
:10EB40000446FBF7EDFC374D38B12B78002B37D05E
:10EB5000013BDBB22B70FBF7BFFCFBF7EBFC50B1CA
:10EB60009CB32B780133B3FBF4F204FB1233DBB21A
:10EB70002B70FBF7B1FC2B78A34203D33CB3631E8D
:10EB8000DBB22B70FBF7ECFC68B1287809F096FF3C
:10EB900048B109F0CDFF244924484FF4617201F0D7
:10EBA00085FFFBF799FCFBF79DFCB8B3287809F0CB
:10EBB00085FF064668B918B0BDE87040FBF778BC21
:10EBC0000CB1631EC5E72346C4E72346D0E72346BE
:10EBD000D7E701A809F09CFF0346C0B1B36D179AAF
:10EBE0009A421DD1BDF85A20B6F856309A4217D134
:10EBF00096F853309DF857209A4211D106F12B0117
:10EC00000DF12F000CF026F8B0FA80F35B0929789B
:10EC100001312246C9B2304603F006FF18B070BD7C
:10EC20000023F4E7E75300200EC102005CBC0200A1
:10EC3000014B00221A707047FA53002010B5084BA0
:10EC40001A788242044607D0187030B9054B1878FC
:10EC500005F098F8044B5C7010BD0020F8E700BF89
:10EC6000245400203E540020FC53002008B5074BDC
:10EC700000201870064B1B780BB105F0A5F905F0C4
:10EC80003FFBBDE808400020FFF7D8BF2554002017
:10EC9000FC530020024B997C188A04F0A7B900BFEE
:10ECA000FC53002008B50C4B0C4801221A700021BF
:10ECB00018220BF0F8FF0A4B00221A7005F0EAFE4A
:10ECC000084A00F59C5308331360074B1860BDE8F1
:10ECD000084005F015BB00BF25540020FC53002060
:10ECE000245400201C5400202054002038B504F087
:10ECF0006FF8044604F06EF80546FBF711FC30B1DE
:10ED0000124A13781BB1013B1370FBF7E5FBFBF7CD
:10ED100011FC48B10D4A641B1378E4B2A34203D23C
:10ED200001331370FBF7D8FBFBF71AFC18B1BDE8F1
:10ED30003840FBF7BDBBFBF7D5FB28B1034B187878
:10ED4000BDE8384004F048B838BD00BFFA53002091
:10ED50002DE9F84FDFF864814F4C98F814304F4993
:10ED60006422534398F81320A2700A68A380821A81
:10ED70009A4205462ED308600AF05CFB0AF03EFA80
:10ED800005F05CFDA3684FF0000A0133A360D14693
:10ED900057460AF025FB5FFA8AFB834562D398F851
:10EDA0001330BB4216D8AFB1E3682078A4F81090B6
:10EDB0000133E3603A4BA7741D6048B90123237007
:10EDC000FFF73CFF374805F0FFF8032005F0A8FAED
:10EDD000FBF782FBFBF7D8FB88B12378324F05F5B0
:10EDE0009C560836002B54D00020207005F0ECF81B
:10EDF00005F086FA3E60FBF76FFBFBF76DFB2378AF
:10EE000093B9294B1868294B401B1A780028D4BFA6
:10EE1000002301239A4207D10028CCBF0020012003
:10EE2000FFF70CFFFBF758FB214E284605F088FA48
:10EE30003368EB1AB3F57A7F01D3FBF74DFBFBF791
:10EE400051FB68B1238A33B1154B1B684FF47A72BA
:10EE5000EB1AB3FBF2F31048636103F0F9FF35607E
:10EE6000BDE8F88F134B0BEB4B01595C7F290DD09C
:10EE7000114B13F80B60B14208D2761AF6B2BE42BB
:10EE800004D958460AF0B2FA374681460AF1010A17
:10EE90007FE73E60B1E700BFFC5300202054002014
:10EEA0001454002095EC01001C5400202454002030
:10EEB00018540020379C0020AA9B00203E540020BC
:10EEC0002DE9F04F8FB0FBF72BFB58B148490B7879
:10EED00005220433B3FBF2F202EB82029B1A0B70A1
:10EEE000FBF7FAFAFBF726FB58B141490B780522EC
:10EEF0000133B3FBF2F202EB82029B1A0B70FBF7B9
:10EF0000EBFAFBF72DFB054610B3394B1A7822B903
:10EF10000FB0BDE8F04FFBF7CBBA364B013A0C21EE
:10EF200001FB0233344A5989188950809180587AFC
:10EF3000012191710AF030FAFFF7BCF900F0FCFAF8
:10EF400000F004FC2D480FB0BDE8F04FFBF74ABAC3
:10EF5000FBF7C8FA00283ED0294B0493264B0995AD
:10EF60005A880392234AB3F804E004AC09A928465E
:10EF700091464FF00C084FF02A0AAB46136844F84C
:10EF8000043F08FB0093039E1D89576841F8047FE6
:10EF9000B54212D15B8973450FD11A4E0023354615
:10EFA00017F803C0BCF1000F1BD1DEB20136F6B278
:10EFB00005F803A005F806B00D600130042802F141
:10EFC0000C02DBD109AB0093094B0F481B780522DB
:10EFD00004A901F0B1FF0FB0BDE8F08F06F801CB36
:10EFE000DEE70133072BF9D106231E46DEE700BF1B
:10EFF00026540020F4DB02003E5400209CDA02007C
:10F00000EDBE0200F253002034C10200F0B50E49FB
:10F010000E4F01230B700E4B00225D889E88104618
:10F0200013464FF00C0C0CFB03740133B4F808E0EA
:10F03000AE4504D16489B44204BFDAB20120042B86
:10F04000F1D100B10A70F0BD26540020F4DB0200BB
:10F050003E540020014B1878704700BF2554002013
:10F0600008B50AF0C9FC38B10AF06AFC04484FF44C
:10F070001672002101F01AFD024B00221A7008BD21
:10F0800058BE02002754002070B5364C2378054640
:10F0900013B30AF0B7FC0AF0AFFC014628B93248B6
:10F0A0004FF4167201F002FD02E0FBF76DFA18B1A1
:10F0B000BDE87040FBF7FCB9FBF714FA2B4B1C883A
:10F0C0002B4B28461E780AF0B5FC314602462046F6
:10F0D000BDE8704004F03EB8FBF722FA38B1244A8C
:10F0E0001378033303F003031370FBF7F5F9FBF711
:10F0F00021FA38B11E4A1378013303F00303137069
:10F10000FBF7EAF9012004F093FDD8B1012004F0E7
:10F11000E5FDB0F57A7F15D9FBF7ECF9144B1978BA
:10F12000124B18880AF02EFC014638B101232370D7
:10F1300004F0E4FDBDE87040FBF7CEB90D484FF494
:10F140004872AFE7FBF70CFA0028B1D1FBF7CAF918
:10F1500038B1074B1978054BBDE87040188803F0AB
:10F16000AFBF70BD2754002058BE02002E01002002
:10F170002854002083BE020008B5FEF7CBFE034BE7
:10F180001880034B00221A7008BD00BF2E0100201A
:10F1900027540020014B00221A707047345400207D
:10F1A00038B5144D0446287808B9134B18781E2139
:10F1B0000BF026F92B783BB90F4A1378192B9ABF1D
:10F1C0000133DBB20B2313700C4A1368E31AB3F557
:10F1D0007A7F02D314600BF09DF8094A1368E31A92
:10F1E000B3F5967F04D31460BDE83840FBF774B9DB
:10F1F00038BD00BF38540020300100202C540020BE
:10F20000305400207FB5FFF7CBFFFBF789F978B1C9
:10F21000264A1378002B35D00B2B35D0013BDBB2BF
:10F220001370234A82F8563000F086F9FBF754F940
:10F23000FBF780F970B11D4A13783BB31A2B27D026
:10F240000133DBB213701A4A82F8563000F074F9B9
:10F25000FBF742F9FBF784F9E0B1142101A80BF0A8
:10F260009BF8B8B19DF804000BF084F8114B0288AC
:10F270001A80114B827811481A70FBF7EFF807B02B
:10F280005DF804FB1A23CBE70023C9E70B23D9E77A
:10F290000023D7E7FBF726F90028F0D0034B1878B6
:10F2A00007B05DF804EB04F003B800BF3854002049
:10F2B0003E540020365400203554002044DC020027
:10F2C00008B507484FF400510AF030FE054B0B22F9
:10F2D0001A70054B93F85620044B1A7008BD00BFF6
:10F2E00000020020300100203E540020385400204D
:10F2F0002DE9F04186B0FFF753FF142101A80BF070
:10F300004BF8054620B9FBF7D3F806B0BDE8F0810D
:10F310003C4FDFF8F48001AE002416F8010B0BF02F
:10F3200029F83B8802889A4204D1827898F8003004
:10F330009A4211D00134E4B2A542EED19DF8040006
:10F340000BF018F803883B802F4B82781A702F4BF4
:10F3500000241C70FBF7C0F8FBF7E2F8A0B1002C0A
:10F360004DD0013CE4B204F118036B4413F8140CC3
:10F370000BF000F803883B80234B82781A70234BF4
:10F3800000221A70FBF7A8F8FBF7D4F8B0B1631CA1
:10F39000DBB2B3FBF5F205FB1233DCB218336B447E
:10F3A00013F8140C0AF0E6FF03883B80164B8278B2
:10F3B0001A70164B00221A70FBF78EF8FBF7D0F884
:10F3C00028B1124A137801331370FBF785F8FBF765
:10F3D00089F8002899D004F118036B440B4E13F8F8
:10F3E000140C0AF0C7FF33782A46214604F0B6F819
:10F3F0003378B3FBF0F202FB1033337085E76C1EF9
:10F40000B0E700BF365400203554002034540020AB
:10F4100000F10C03B3F5805F37B504460D4602D901
:10F42000022003B030BD082200F5EC2168460BF045
:10F4300079FC009B5A1C14D00B4A9342F0D1BDF8C2
:10F4400006305A1EFF2AEBD8033323F003030C3394
:10F45000E018B0F5805F94BF002001202B604000D1
:10F46000DFE70120DDE700BF50584C4130B50A4DC1
:10F4700001444FF0FF33884201D1D84330BD10F82A
:10F48000012B5340082243F300042C40013A84EA44
:10F490005303F8D1EFE700BF2083B8EDF8B5582249
:10F4A000002120480BF0FFFB1E4A4CF6200313807E
:10F4B0004FF4005353804FF4817393804FF4F05313
:10F4C00013814FF47A7393814FF4A05300241746AD
:10F4D0004FF48075538240F2011605231375D680D0
:10F4E00055811582148354839483D48382F82040F9
:10F4F0002146292207F121000BF0D5FB0A4907F12B
:10F5000021000BF007FC0123A7F84C50A7F84E4050
:10F51000A7F85030A7F85240A7F8546087F8564033
:10F52000F8BD00BF3E5400208DC10200014B187889
:10F53000704700BF3C540020014B01221A707047F5
:10F540003C5400202DE9F043DFF8FC81002685B013
:10F55000FFF7A4FF3746A8F80060354669463046F5
:10F56000FFF756FF002800F0A580744E002333708B
:10F57000002D00F09C80082229460DEB02000BF0C4
:10F58000D1FBBDF80E206E4C582A28BF582205F139
:10F59000080120460BF0C6FB23786A493F2B84BF45
:10F5A00020232370A378032B84BF0023A370E37868
:10F5B000043B7C2B84BF2023E3702379013B1F2B6A
:10F5C00084BF022323716379012B84BF01236371FC
:10F5D000A389A3F548739BB2B3F5C87F84BF4FF4EA
:10F5E0007A73A381A37C3C2B84BF0023A374E37CA8
:10F5F000063B222B84BF1423E374237D013B312B74
:10F6000084BF05232375237E022B84BF002323762A
:10F61000637E012B84BF00236376A37F022B84BF0C
:10F620000023A377E37F012B84BF0023E37794F8C3
:10F630002030012B84BF002384F820302D20282384
:10F6400011F8012F42B1203A5E2A03F1FF3388BF3F
:10F65000087013F0FF03F3D1002384F8493094F8C5
:10F660004D30013B012B84BF012384F84D3094F8C9
:10F670004E300A33DBB2142B84BF002384F84E30A3
:10F6800094F84F30282B84BF002384F84F3094F82F
:10F6900056302BB10B3B0F2B84BF002384F8563020
:10F6A000052F18BF0123A8F8007018BF337005B0EC
:10F6B000BDE8F08306F5EC29082249460DEB02006F
:10F6C0000BF030FBBDF80E10033121F003010422D2
:10F6D000083149440DEB02000BF024FBBDF80E404D
:10F6E00009F108002146FFF7C1FE019B98420BD1AA
:10F6F000BDF80C30012B0AD1102C14BF00240124BA
:10F70000002C1CBF1F464D46009B1E4426E7022BC3
:10F7100001D1182CF1E7032B01D11C2CEDE7042BB0
:10F7200001D14C2CE9E7052B01D1582CE5E7EBD9A9
:10F73000572C84BF1F464D46E6E700BF3C540020CF
:10F740003E5400205E5400203A54002010B59AB078
:10F750006422002101A80BF0A6FA194B194A1A4994
:10F76000CDE9012303A858220BF0DCFA582103A8A5
:10F77000FFF77CFE0024199069462046FFF748FEFB
:10F7800070B1012804D104F16403B3F5805F0BD993
:10F790004FF4EC2004F030FD28B900201AB010BD61
:10F7A000009B1C44E8E70024642201A904F5EC2036
:10F7B00004F040FD0028F0D0044B00221A70EDE761
:10F7C0000500580050584C413E5400203C54002045
:10F7D000F8B509F005FE044609F016FE104E054680
:10F7E00009F01CFE3378A342014607D10D4B1B885C
:10F7F000AB4203D10C4B1B8883420FD00B4F8022AE
:10F80000002314FB03F0C011013AF85403F1010383
:10F81000F7D1044B34701D80034B19800348F8BDA9
:10F820002655002024550020225500202755002071
:10F830007F2810B50FD83F290DD8CB10802413FB9B
:10F84000040001F00701064C01238B40DBB2215C70
:10F8500012B10B43235410BD21EA03012154FAE7EE
:10F86000E38F002010B58D2200211E480BF01BFAFB
:10F870008D2200211C480BF016FA8D2200211B4816
:10F880000BF011FA8D22FF2119480BF00CFA4FF4FE
:10F890008D72002117480BF006FA4FF48D7200218B
:10F8A00015480BF000FA4FF48D72002113480BF04D
:10F8B000FAF9134B134800241C70134B1C70134BA4
:10F8C000802221461C600BF0EEF9114B1C70114B8D
:10F8D0001C80114B1C80114B1C60114B1C60114B88
:10F8E0001C7010BD398B0020AC8A00201F8A0020BC
:10F8F0009289002078880020D0860020B6850020DC
:10F90000B5850020A1540020B4850020B0850020DA
:10F91000A0540020AA550020A85500209C54002087
:10F9200098540020EA87002008B58D220021054860
:10F930000BF0B9F9BDE8084003488D22FF210BF018
:10F94000B2B900BF1F8A0020928900200A4B1B78A1
:10F95000012B04D0022B09D0084B185C7047084BD0
:10F9600033F810008030C0F307207047054B185C57
:10F97000FF2808BF00207047AD850020AC8A00201A
:10F98000788800209289002008B507490022D0B26B
:10F99000FFF7DCFF01328D2A01F8010BF7D1034B91
:10F9A00001221A7008BD00BFEB870020EA87002003
:10F9B000014B00221A707047EA870020014B18782B
:10F9C000704700BFEA8700200228064B02D90022B8
:10F9D0001A707047187004D103488D22FF210BF074
:10F9E00062B97047AD85002092890020014B1878DC
:10F9F000704700BFAD8500200128024605D0044BAA
:10FA00000448022A08BF184670470348704700BFE1
:10FA1000BFD20200A8C10200A4C10200024B02280A
:10FA200018BF01201870704731010020014B187871
:10FA3000704700BF310100200A286FF00903A8BFFA
:10FA40000A209842B8BF1846014B1870704700BF93
:10FA5000AC850020014B93F900007047AC85002075
:10FA6000024B93F90030181A704700BFAC85002094
:10FA7000014B185C704700BF398B0020014B188880
:10FA8000704700BFA8550020014B1868704700BFA1
:10FA90009C54002010B509F0A3FC0B4B9B798BB153
:10FAA00080B1002309491A46013311F8014BDBB23A
:10FAB00098422244F8D1C0F347031344B3FBF0F05B
:10FAC000C0B210BD5C20FCE73E540020AA9B002081
:10FAD00038B504460D4609F083FCA04220D9114BED
:10FAE000187860B9104B04EB44041A5D7F2A05D0E6
:10FAF0000E4B93F900309B1A2B60012038BD0C4B44
:10FB00009B795BB10B4B1B5D084A92F900202046A4
:10FB1000D21AFFF71BFF10442860EEE75C23F3E7DF
:10FB20000020EBE7AD850020379C0020AC8500204D
:10FB30003E540020AA9B002010B50446FFF748FE63
:10FB400084F30704005D10BD38B50446FFF740FE9E
:10FB500000224FF0FF33591C0AD1815CA14228BF1B
:10FB600013460132802AF6D15A1C0BD07F2204E0C2
:10FB7000C55C815C8D42F4D0013A134403EBD3732E
:10FB8000581038BD7F20FCE7064B33F81000642383
:10FB9000584300F5FF404FF47F43B0FBF3F0C0B291
:10FBA000704700BFD08600202DE9F74F054609F0C9
:10FBB00017FCBA4A136801331360B94B1A68074639
:10FBC000AC1A002A72D0002C71D00C2254434FF48E
:10FBD0007A72B4FBF2F414F0FF0400D01D60B14E51
:10FBE000DFF8F492B179DFF8CCC2DFF8F0E24846F2
:10FBF0000022C846D3B29F425BD8AB4B1B78022B86
:10FC000000F0AE80A948DFF8D8C2DFF8D8E2DFF80C
:10FC1000D8A20021CBB29F4200F2A580A44CA54BF4
:10FC2000214600229946D0B2B84203F10303C0F046
:10FC3000C280DFF8B8E29EF800200132D2B2FF2A7B
:10FC40008EF8002004D09C4B1B68EB1AF92B17D9B7
:10FC50009A4BDFF89CA293F9000019780028A4BF02
:10FC60000131C9B24FF00000A8BF19708346C3B27A
:10FC70009F4200F2A88000238EF800308E4B1D605A
:10FC8000FFF7A6FD8E4C411E22467F3011F8013F42
:10FC900018F80350062D00F2A78003EB43034B44F2
:10FCA0009B78072B40F2AB800123A4E01C6000246A
:10FCB00095E702EB42031CF803A0002900F0E7805F
:10FCC0001EF802309A450CD2BAF17F0F09D0A3EB8F
:10FCD0000A03DBB2282B28BF282300F8013B01329E
:10FCE00088E70023F9E70B46F7E7584609F07EFB63
:10FCF00010F0010F01902AD15FFA8AF108460091B5
:10FD000009F074FB019B0133984220D118F80A30A6
:10FD100018F80BC000999C45604638BF18469C45B2
:10FD200093BFA3EB0C03ACEB030C5FFA8CF3DBB2D9
:10FD30000A2B9ABF634AD35C0323984286BFC31A37
:10FD4000DBB2002308F80B3008F80A308B460BF1C1
:10FD5000010B5FFA8BFB0BF1010ABA45C5DB51E7DA
:10FD60004FF0000BF7E719F8013B9EF800209A428C
:10FD70001DD9A2421DD9121BD2B20EF8012B1AF8BE
:10FD8000012B9A421CF8012B38BF0AF8013C9A4219
:10FD900030F8022B88BF0CF8013CD2EB032348BF9C
:10FDA0000F3302EB231220F8022C013132E71A46FE
:10FDB000E3E70022E1E7088813F801CC604421F86A
:10FDC000020B01322FE7BAF800C0238824F802BBE7
:10FDD0001B02B3FBF2F3A3EB0C0393FBF1F39C4484
:10FDE0002AF802CB013042E70B2D7FF65DAF162DCE
:10FDF00034BF0223032315789D4238BF1370884215
:10FE000002F101027FF442AF2F4D32792B78012AA3
:10FE100003F10103DBB238BF01229A422B7034D8C0
:10FE20002A4E2B4F338807EB4317202200213846F8
:10FE30000AF039FF002214F8013B901002F0030190
:10FE4000490003F003038B40395C01320B43802AE5
:10FE50003B54F0D133881A484FF4C0720133B3FBDE
:10FE6000F2F102FB11331B4A33801388B3F5C07FD4
:10FE70003CBF01331380002180220AF014FF0023CD
:10FE80002B70012003B0BDE8F08F0020FAE7BAF133
:10FE90005B0F3FF628AF5C2319E700BF9C5400209E
:10FEA000985400203E540020310100207888002022
:10FEB000B6850020379C0020B0850020B485002046
:10FEC000A1540020B0DD0200A0540020AA5500205B
:10FED000AC550020A8550020398B0020AA9B00209B
:10FEE00092890020AC8A00201F8A0020B58500205E
:10FEF000D08600202DE9F04F8BB00D1E06460192F2
:10FF0000099340F3E2800028C0F2DF8000EB050A8D
:10FF10000AF1FF333F2B029300F3D78000F0070371
:10FF20002B44402B00F3D180C31003930AF1FF331D
:10FF3000DB10A3EBE0030A2140F3CF09013369434F
:10FF4000002704934FEAC90908460324B8466FF016
:10FF5000270B4FF0010C029A90FBFBF31344A3EB29
:10FF60000903A3F1200EC3F120020CFA0EFE2CFAB5
:10FF700002F20CFA03F33B434EEA02020693013C01
:10FF800042EA0803069F079398460844E3D1FFF727
:10FF90001FFCBDF90C307C4A089002EBC31305939B
:10FFA0004FF0280B089B1B5D0093610718BF0027CB
:10FFB00000980CBFDDE90678B846FFF7C7FC05FBE3
:10FFC00000F3B3FBFBF3AB42A8BF2B463BB34FF0B0
:10FFD000FF30C3F14002A3F1200E20FA02F1C3F179
:10FFE000200C00FA0EFEAAEB0303A3EB090320FA90
:10FFF0000CFC41EA0E0141EA0C0120FA02F2A3F1E5
:020000022000DC
:10000000200C01FA0CFCC3F120009A4021FA00F008
:1000100042EA0C02024399400F4342EA08085B4B54
:10002000009A9B5C6B43B3FBFBF3AB42A8BF2B4630
:10003000A3B1E20712D4AAEB0303A3EB0903012146
:10004000A3F12002C3F1200001FA02F221FA00F02C
:10005000024301FA03F31F4342EA08084C4B1B78A2
:100060007BB1A3070DD14B4B009A9B5C6B43B3FB59
:10007000FBF18D422CDA0122AAEB01012046FFF7A9
:10008000D7FB059B00221919049B9A4201F18001BC
:1000900033DB0134802C85D10024019B7F2B13D8C6
:1000A000039BA6EBC30E00231D46184601270299A9
:1000B000F21891423ADA0199059B00221944049BF7
:1000C0009A4201F180014ADB64B30BB0BDE8F08FC6
:1000D000272BD6DDAAEB0101A1EB09010122A1F139
:1000E0002003C1F1200002FA03F322FA00F00343D7
:1000F0008A40174343EA0808C3E7D300C3F1200C42
:10010000A3F1200008FA0CFC27FA03F328FA00F008
:1001100043EA0C03034311F8800C034301F8803CCD
:100120000132B1E7099B01930124B6E7A4B913F0AA
:10013000010F0FD10EEB0301A1F1200CC1F1200240
:1001400007FA0CFC27FA02F24CEA020207FA01F164
:100150000D4310430133AAE713F0020FE9E7D30080
:10016000C3F1200CA3F1200700FA0CFC25FA03F3DD
:1001700020FA07F743EA0C033B4311F8807C7B40ED
:1001800001F8803C01329AE7E38F00201F8A0020AB
:10019000EA870020EB8700202DE9F04F89B00D465B
:1001A0000446FFF777FC2F4B93F900302C441B1AC1
:1001B0000393631E0A2465430293A9466FF0270345
:1001C00099FBF3F6029B1E44039B06A8191904F041
:1001D000E9FDB31E019306AB00934FF0010A009BAB
:1001E00013F8010B009330B90A34282CA944E5D147
:1001F00009B0BDE8F08F04F0A3FC002783468023FC
:1002000001994FF000080AEB07001BF8072042FA9B
:1002100008F2D20717D57F2822D83F2920D8CA1044
:10022000114E12FB030201F0070CB25C42FA0CF211
:1002300002F0010282F00102CDE90401FFF7F8FAB1
:10024000DDE90401802308F10108B8F1050F01F18F
:100250000101DAD10137032FD2D10AF1040ABEE736
:100260000022E7E7AC850020E38F00202DE9F04F66
:10027000B0F10008A9B0924623DB002921DD08EB8C
:100280000107402F1DDC564A564C12880192564AEF
:1002900012880292554A52794FEAE803012A04EB88
:1002A000C3141FFA88F30CBF0622002248F3CF09BB
:1002B0000693AAEB030305924FEAC90907934F453A
:1002C00002DC29B0BDE8F08F8022002108A80AF0E6
:1002D000EAFC4846C14509F10809B8BF4046B9459E
:1002E0004B46A8BF3B460393029B03F27F12069B3B
:1002F000A2EB0A021A44121A002392B20093039B43
:10030000984206DB009B04F18002002B52D1144678
:10031000D5E7079B019903449BB2994246D9B2F5B0
:10032000C07F334B26BFA2F5C076B6B2164603EBAC
:10033000461600F00105059B05EB45051D442D4BB8
:100340001D4400F0070306F1FF3E04930DF1200C5D
:100350001F361EF8011F29B395F800B041EA51037A
:1003600003EA0B0395F801B00BEA510B43EA0B03C8
:1003700095F802B001EA51010BEA010B43EA0B03C5
:1003800013F055030ED003EB831303EB033303F099
:100390000131049B9940DCF800300B43CCF800306D
:1003A00001230093B6450CF1040CD2D1013A01307F
:1003B00092B2A4E708A951F8043B207818432070B2
:1003C000607840EA13206070A07840EA1340A07083
:1003D000E07840EA1363E37004349442EBD196E78B
:1003E000A8550020E38F0020AA5500203E5400208D
:1003F000AC550020A4DD02002DE9F04F87B03F2866
:1004000005460F46009200F2A180524B40F3CF0206
:1004100003EBC21300F0070101228A40D2B2591E39
:100420007F3311F8010F104399420870F9D1002F62
:1004300000F08C8008F0E8FF064608F0EFFF8642E7
:10044000804680F083804FF0000A6FF00209A0EB35
:10045000060B3846FAF7DCF85FFA8AF4A0420AD8AD
:10046000009B7F2B72D80122A918184607B0BDE85F
:10047000F04FFFF7DDB904AA21463846FAF7D2F863
:10048000002860D0BDF81040A6425CD8A0455AD3E1
:10049000A31BC3EBC31393FBFBF301939DF8123033
:1004A000022B1AD9E01A801B691CC0EBC010012274
:1004B00090FBFBF020EAE07003930291FFF7B8F99C
:1004C000039B02991C44A41BC4EBC41494FBFBF0D3
:1004D0007F28A8BF7F20FFF7ABF99DF81330092BC9
:1004E00088BF0A224FF00A0183BFB3FBF2F2303219
:1004F0008DF8142005AA88BF0DF11502B3FBF1F0A9
:1005000001FB1033303313700023537005A804F03F
:1005100041FC019B044600EBD070A3EB600020EA95
:10052000E07023187F2BC8BFC4F17F0009F10203DC
:10053000834208DA05AAA91C019004F007FC01987F
:10054000044404F1FF390AF1010A82E707B0BDE86B
:10055000F08F00BFE38F00202DE9F0410024DFF889
:100560002C802746264608F03BFFE5B2A84202D879
:100570003046BDE8F08118F80530BB429CBF3B46D1
:10058000354601341F462E46EDE700BF398B00206B
:100590002DE9F04FC9B00F46044608F021FFE946A7
:1005A00001466D460022E846D0B2814227D8002598
:1005B0002A465FFA85FA514527D8A2426FD924A866
:1005C00000231D460133DBB28646194605F59076B9
:1005D0006E448A4216F890CC55D8017800F801CBC9
:1005E0009C4206F8901CECD204F590730DEB0304CA
:1005F000012014F8903C3B7049B0BDE8F08FFFF744
:10060000A5F9013205F8010BCEE719F8013B062BDD
:1006100030D91DB119F8020C98422BD2681C8142C6
:1006200003DD99F80000984224D84FF0FF36304699
:1006300000EB050C9E46BCF1FF3F0DD061450BDD84
:1006400018F80CB05B4504D3B0F1FF3F16D15B4501
:1006500014D17645B8BF764601300DD0701C02D05B
:100660009B1B052B06DD531C02F590726A4402F8B1
:1006700090ACDAB201359CE70120D9E7DE4528BF0E
:10068000DE468444D7E71EF8016F18F8069018F884
:100690000C60B14588BF0D460131C9B296E7002014
:1006A000AAE700002DE9F74F0446894608F098FEB6
:1006B000DFF874A0019027460025E8B281452CD8C8
:1006C00003B0BDE8F08F1EF801BBC34508BF4CF076
:1006D000010CBE45F7D1BCF1000F0CD1114E1AF838
:1006E00003C036F813E04FEA1E2E0CEB8E0C61456A
:1006F0003CBF1A4661460133019E5FFA83F84645C6
:1007000007D8531CDCD001350029D9D007F8012BBC
:10071000D3E7A6464FF0000CDBE7002319464FF065
:10072000FF32E9E7D08600201F8A002070B5064618
:10073000002508F055FEECB2A04202D84FF0FF3081
:1007400007E0204608F052FEB04205F10105F0D165
:10075000204670BD7F2810B510D83F290EDCCB1085
:10076000802413FB040001F007010123054C03FA68
:1007700001F1C9B2235C12B10B43235410BD23EA2B
:100780000103FAE7E38F00207FB50029A8BF2B23E0
:100790000646AABF0DF1050001A88DF804301546E4
:1007A00004F000FB01AA0121304604F0CFFA01A8B1
:1007B00004F0F0FA441C34442A460121204604F097
:1007C000C5FA284604F0E6FA204404B070BD0000E3
:1007D0001FB5184B5A791AB32B228DF804200DF14E
:1007E00005049A79F2B11B880A21053302222046BA
:1007F000B3FBF1F104F000FB234601341A78002A20
:10080000FAD156221A7000225A7001A804F0C2FAD6
:1008100001AA0121C0F17F0004F098FA04B010BDD4
:1008200001ACDEE70449042220460AF07BFA231DCE
:10083000E7E700BFCE8B0020ADC102002DE9F041FB
:10084000044686B04068FFF777F9054608F0CEFD0C
:10085000002301A9074628460193FFF739F9618A69
:10086000064600295BD0237D002B58D194F80A80DE
:10087000B8F1000F53D1414A791A4046FFF784FF7F
:100880000546608AFFF752FF0335CDF80880002E39
:100890003FD0431C3DD002A9C0B2FFF719F9002890
:1008A00037D0DDE90113364AC91A2846FFF76CFF35
:1008B000394602A804F076FA02AA01212E2004F09B
:1008C00045FA46B1019902A804F06CFA02AA012186
:1008D000482004F03BFAFFF789F8012844D145F29B
:1008E0004163ADF808300DF10A04FFF79FF80228C4
:1008F00004BF44F6325324F8023B0023237002AABB
:100900000121582004F022FAFFF762FF06B0BDE88B
:10091000F0811C4A0121284604F018FAC8E7E16872
:1009200002A804F03FFA02AA0121002004F00EFA06
:1009300002A804F02FFAC51C134A0121284604F02E
:1009400005FA114804F026FA431D5819A37A3BB959
:100950002378042B06D80D4A52F823200121DBE727
:100960000B4AFBE70B4AF9E7FFF740F8022802D1F0
:1009700044F64D63B5E702ACB7E700BF09C002001B
:10098000BBC10200B9C1020080BF0200C8DD020085
:10099000B2C1020047CD020008B502460121022083
:1009A00004F0BCF9BDE8084009227F21002004F0D2
:1009B0001DB9000030B587B003F0FEFA0221002314
:1009C0000122CDE9003208463C237C2204F020F9C4
:1009D0002B4A2C4C2C4D08212E2004F09FF92B4A39
:1009E0001121282004F09AF9294A1A21282004F01C
:1009F00095F9284A2621062004F0A8F903F018FDED
:100A000026210246222004F0A1F9234A2D210620A6
:100A100004F09CF96188032202A804F0EDF902AA0F
:100A20002D21222004F092F902A804F0B3F91B4A08
:100A30002D21243004F08AF9B4F90A1002A804F038
:100A4000B1F902AA2D21502004F080F902A804F087
:100A5000A1F9134A2D21523004F078F9114A3421BA
:100A6000062004F073F903F0B5FA40F6C41445F01B
:100A700001054FF47A40A847013CFAD107B030BDD8
:100A8000BEC10200CE8B0020E0DD020020C00200CB
:100A9000C5C10200B2BB0200C2CD020030BA0200E2
:100AA000CEC10200D2C1020003F028B970B50646DB
:100AB0000D46144603F080FA304604F03DF900EB91
:100AC000D073002D4FEA63030CBF1E21182132465C
:100AD000C3F1400004F022F95DB1284604F02CF97E
:100AE00000EBD07040102A462421C0F1400004F0F1
:100AF00015F903F06FFA3CB1044D45F001054FF4D0
:100B00007A40A847013CFAD170BD00BFE0DD020089
:100B10007FB503F051FA00230122CDE900320E2106
:100B200024236C220A2004F073F80D4A14211E209D
:100B300004F0F4F80B4B0322198803A804F05CF9C5
:100B400003AA2221282004F0E9F8074A2A211420C8
:100B500004F0FCF803F03EFA07B05DF804FB00BFB8
:100B6000EBC10200CE8B0020F7C1020003289FBF1B
:100B7000034B00EB80001B18187988BF00207047DA
:100B8000E6DD02000138C0B202289ABF024B53F8DA
:100B900020000248704700BFBCDD020010C2020006
:100BA0002DE9F04F057C032D8FB0044640F0BB804B
:100BB00003F002FA2046FFF741FE272279210520A3
:100BC00004F014F80726002501274FF02609ECB29F
:100BD00007AA21460120F9F725FD80B3214601200F
:100BE000F9F7B0FD09FB00F3FE2BA6F1020840D98E
:100BF000FF24B3FBF4F4002300930197262308227B
:100C00000C21404604F004F844B1CDE900772346B6
:100C10000822C4F13201404603F0FAFF9DF81F108C
:100C200009292AD808A804F0BDF808AA34213046BA
:100C3000013504F08BF80D2D06F10906C7D13A22D3
:100C40007F21002003F0D2FFB44A3C21022004F0AF
:100C50007DF80220F9F7DCFC002706461824FDB2D7
:100C6000AE4201D9032F1BD103F0B4F90FB0BDE898
:100C7000F08F041E18BF0124BDE70A22B1FBF2F376
:100C800002FB131103F13000303100238DF82000F6
:100C90008DF821108DF8223008AA34214046C7E78C
:100CA00007AA29460220F9F7BDFC01370028DBD04E
:100CB00029460220F9F746FD9DF81F10054608A8B1
:100CC00004F070F808AA3C21204604F03FF808A878
:100CD00004F060F8431C1C44914A3C21204604F077
:100CE00035F88F4804F056F86423421C6B431444D3
:100CF000FF2108A8B3FBF1F104F054F808AA3C2145
:100D0000204604F023F808A804F044F8451C2544C4
:100D1000844A3C21284604F019F8824804F03AF845
:100D2000841D2C449BE788BF002503F045F920462D
:100D3000FFF784FD608A002840F099804FF0FF366D
:100D4000794F05EB8503FA184FEA850A92F801906E
:100D5000B9F1000F0BD017F803806268494640468E
:100D60003346FFF7C7F849464046FFF715FAAA444D
:100D7000BA446268E17A9AF80200FFF73DFB9AF8FC
:100D80000480B8F1000F1BD09AF803A022894146D5
:100D90005046FFF76BFAB9F1000F72D023897BB18F
:100DA000FEF76CFE80450BD2218908F1FF3808FB65
:100DB00001F1B1FBF0F151444A1C7F2003F004FF24
:100DC000637D002B4ED0AB002B44B9F1000F00F037
:100DD000A180FE5C5549062208A809F0A3FFA07D6A
:100DE00008F004FB01460DF1260003F0DBFF771C41
:100DF0000DF126031A46013311780029FAD1154660
:100E0000202305F8023B2B23E17D5370284603F095
:100E1000C9FF2846013590F80090B9F1000FF8D1CC
:100E20004349032209F07EFF08A803F0B3FF012322
:100E300000F10208C0F17D050446009342460723F5
:100E400031462846CDF8049003F0E2FE08AA394660
:100E5000C4F17E0003F07AFF07234246314628465C
:100E600003F006FF0FB0BDE8F04F03F0B3B8FFF793
:100E70005DFC431C3FF462AFC0B2FEF765FE064660
:100E80005EE70AEB0802636803925146CB461BF00B
:100E9000030220D1002B17DB7F2B0CD83F290ADC63
:100EA0008020CA1012FB00322248825C01F0070049
:100EB000024102F00102184682F0010205910493FA
:100EC000FFF748FCDDE90431039A013191420BF14F
:100ED000010BDCDB62E7022AF6D1002EF4DB7F2E69
:100EE00016D83F2914DC8020CA1012FB006211487A
:100EF000825C01F00700024102F0010282F001026F
:100F0000304605930491FFF725FCDDE90413DBE788
:100F10000022F3E71F44FE785CE700BF91BB0200AC
:100F2000A6BA0200ECBC0200E6DD020016C2020016
:100F3000BBC10200E38F00202DE9F04F85B00446CD
:100F4000984615460391DDF838A003F035F82046A1
:100F50004446FFF721FD052C38BF0524053C062D2E
:100F6000E4B204D96B1FA342DCBFAC1FE4B2274636
:100F70000926BD4226DD039B5FFA87F906F1010BC6
:100F800053F829205946042003F0C8FEBAF1000F97
:100F90000BD05AF8290040B103F0CEFE5AF82920B0
:100FA0005946C0F17D0003F0B9FEC84505D10923BB
:100FB00080223146002003F05BFE09363F2E07F108
:100FC0000107D6D1062D0FD93623012214FB03F1D8
:100FD000CDE90022B1FBF5F14FF4A2730A317F2075
:100FE000B3FBF5F303F014FE05B0BDE8F04F02F0DB
:100FF000F1BF00002DE9F0478AB0052104A8FFF7F2
:1010000051FB074602F0D8FF4A48FFF7C5FC4A4AA1
:1010100002213C2003F09AFE4FEAC70904AD09F112
:101020000B090B244C453FD127B9444A1421022017
:1010300003F08CFE00250DF10F008DF80F50F9F72D
:10104000BBFB342204467F21284603F0CFFD3C4AF7
:101050003821022003F07AFE214606A803F0A2FE02
:10106000382106AA084603F071FE364A3821462088
:1010700003F06CFE9DF80F30642213FB02F306A808
:10108000FF21B3FBF1F103F08DFE06AA38215C20AD
:1010900003F05CFE2C4A3821682003F057FE02F072
:1010A00099FF0AB0BDE8F087287808F09FF901465B
:1010B000064606A803F076FE06AA2146022003F0A3
:1010C00045FE3046F9F7DCFA0378A84602461BB124
:1010D00021461A2003F03AFE98F80000FEF754FD6E
:1010E00006B20023C6EB06164FF0010ACDE9003A1E
:1010F0008046B60005233E2221462C2003F088FDC1
:10110000632E05F101050ADD6422CDE900AAB6FBD4
:10111000F2F2032304EB0A012D2003F079FD41468E
:1011200006A803F03FFE214606AA6E2003F00EFE3D
:10113000083477E71DC2020025C202002EC2020059
:101140003CC2020026C60200C8CD02002DE9F041D3
:1011500086B080461E460D4614469DF8307002F05B
:101160002BFF414602A803F01DFE02AA0121022026
:1011700003F0D4FD02A803F0DFFD2E4A0121053063
:1011800003F0CCFDFFF724FB09227F21002003F0B0
:101190002DFD7F2D29D1284A1421282003F0BEFDE2
:1011A00001250023CDE90035782208231A210420E7
:1011B00003F02EFD64B104EB4402782ACDE900551A
:1011C0004FF00603A8BF78221B21052003F020FD65
:1011D0000024BC421ED13F227F21002003F006FDE7
:1011E00002F0F8FE06B0BDE8F0812846FEF738FCB4
:1011F000014602A803F0D6FD02AA0E21042003F046
:101200008DFD02A803F098FD0C4A0E210830C5E7B9
:10121000142107E07C2CDED0315D2929F8D8012982
:1012200005D949103E22511AA01C03F0CDFC01340F
:10123000CFE700BF64D4020049C202001DD40200FF
:1012400030B587B005460C4602F0B6FE1948FFF7E8
:10125000A3FB294602A803F0A5FD02AA14211E2023
:1012600003F05CFD02A803F067FD134A142122304D
:1012700003F054FD114A20211E2003F067FD0125D3
:101280000023CDE900356422082328210E2004EB39
:10129000440403F0BDFC640104232A211020CDE99D
:1012A00000556422B4FBF2F203F0B2FC02F092FEAD
:1012B00007B030BD74C1020064D402004FC2020006
:1012C000F0B5064687B01F4615460C4602F074FE80
:1012D000314601A803F066FD01AA0121022003F0B6
:1012E0001DFD3046F9F7CCF9037802461BB1022107
:1012F0001E2003F02BFD09227F21002003F076FC45
:10130000002D40F0B5802078F9F7D2FB02460C2181
:10131000022003F003FD5A4A1621022003F016FDB5
:10132000002D40F0A780617801A803F03BFD01AAE1
:101330001621322003F00AFD01A803F02BFD514ACB
:101340001621343003F002FD4F4A1F21022003F022
:10135000FDFCA17C01A803F025FD01AA1F2122208C
:1013600003F0F4FC01A803F015FD484A1F212430C6
:1013700003F0ECFC464A2621022003F0E7FC642639
:101380006168B1FBF6F1022201A803F035FD01AA64
:101390002621222003F0DAFC01A803F0FBFC394AE5
:1013A0002621243003F0D2FC3A4A2D21022003F0FA
:1013B000CDFC0A23E189B1FBF3F1022201A803F07D
:1013C0001BFD01AA2D21222003F0C0FC01A803F07F
:1013D000E1FC314A2D21243003F0B8FC1F212F4AB3
:1013E000462003F0B3FCA168002945D0B1FBF6F11B
:1013F000012201A803F000FD01AA1F21662003F0CD
:10140000A5FC01A803F0C6FC234A1F21673003F0A6
:101410009DFC234A2621462003F098FC218A01A83E
:1014200003F0C0FC01AA2621662003F08FFC6DB1F9
:101430001C4A2D21462003F089FC394601A803F0FF
:10144000B1FC01AA2D21662003F080FC35227F210A
:10145000002003F0CBFB144B144A3921002D08BFA8
:101460001A46022003F072FC02F0B4FD07B0F0BD92
:101470000F4A4CE7632157E70E4A1F216620C6E753
:101480009BC20200C8CD0200A6C202007FBF0200BC
:10149000ACC2020039BA0200B1C20200B4C20200FA
:1014A000C0C20200C7C2020080C2020067C20200BE
:1014B00059C20200BBC20200022A0E4B0DD15322B8
:1014C000027049224270442282700A7802F00F02B0
:1014D0009B5CC3700023037170474A7812099A5CC1
:1014E00002704A7802F00F029A5C42700A78120980
:1014F0009A5CE9E748DE020068B110F1630F09DB8E
:10150000643010FB01F04623B0FBF3F08842A8BF23
:101510000846704700207047F8B50E464EF65F2328
:101520009E424FF47A710546B6FBF1F107D803F0FD
:1015300074FF53212846BDE8F84003F051BF14481A
:101540003C238642B1FBF3F229BFB2FBF3F103FB6C
:10155000121403FB1124B6FBF0F22846114603F0E7
:101560005CFF0B4928468E422CBF48213A2103F0EC
:1015700037FF0A27B4FBF7F606F13001C9B2284657
:1015800003F02EFF07FB164303F13001C9B2D1E788
:1015900080EE360010B502460121022003F0BEFBAA
:1015A0000021BDE8104009238022084603F060BBFB
:1015B0002DE9F04704468EB002F0FEFC2369002BB3
:1015C0004ED01B78002B4BD0884905A803F01FFF95
:1015D0002369587803F05EFD014605A803F00CFF6F
:1015E000202105A803F0FCFE236905A8598803F013
:1015F00014FF7F4905A803F0FFFE05A8FFF7CAFF07
:1016000009227F21002003F0F1FA2379002B70D109
:10161000A379032B63D1774905A803F0F8FE63692A
:1016200005A8196803F0F9FE734905A803F0E4FE64
:10163000636905A8996803F0F0FE2F2105A803F05F
:10164000CFFE636905A8596803F0E7FE05AA1E21CD
:10165000022003F07BFB02F0BDFC0EB0BDE8F0877A
:10166000237B43B105A8654903F0D1FE217B05A882
:1016700003F0D3FEC1E7624A0121022003F04EFBD2
:1016800004F032FD014601A803F08CFB01AA0221FF
:10169000182003F05BFB01A803F07CFB594A0221F0
:1016A0001A3003F053FBA3794BB1574A52F8232069
:1016B0000221382003F04AFBFFF78AF8A0E7A1686F
:1016C00001A803F06FFB01AA0221382003F03EFBC2
:1016D00001A803F05FFB4D4A02213A30EAE74C498A
:1016E0004C4A0E20002B18BF0A461C2103F016FBA3
:1016F000B1E76579052D38BF0525053D062BEDB20F
:1017000004D95A1FAA42DCBF063BDDB24FF00B09D9
:101710002379AB429FDD2368585D04F0EBFC09F1AF
:10172000010882790646014601A8FFF7C5FE024678
:101730004146022003F00AFBF07A03F09FFC96F882
:10174000683007462BB1F07A03F092FC08B906F135
:101750006807314905A803F05AFE07F1FF3A103730
:101760001AF8011F09B157453AD1414605AA16207A
:1017700003F0ECFA337BD90736D5284A4146582086
:1017800003F0E4FA5C27337B9A0705D53846244AF0
:10179000414603F0DBFA0437337B1B0704D5214AAB
:1017A0004146384603F0D2FA96F9081001A849429A
:1017B00003F0F8FA01AA41466A2003F0C7FA6379F8
:1017C000AB4205D1082380224946002003F050FA9D
:1017D00009F10909B9F1410F05F1010598D13AE77D
:1017E00005A803F0FDFDBBE75827CCE706C30200C0
:1017F0000CC3020024C3020029C3020010C302006C
:1018000091BB02001CC3020038DE020020C30200AC
:10181000FDC20200F0C2020047CD02008BC10200EF
:10182000B9D3020098BD020070B58CB004468DF8A3
:10183000083000238DF8093083790192022B0D4680
:1018400040F02D81A44903A803F0E1FD217803A80D
:1018500003F0E3FD03A901A803F063FE9F4903A879
:1018600003F0D5FDA379002B00F02C81022B00F0B2
:101870002B8163799A4A9B0952F8231003A803F03D
:10188000BBFD03A901A803F04CFEE37A73B19549AF
:1018900003A803F0BCFDE07A03F0F0FB014603A8C7
:1018A00003F0AAFD03A901A803F03BFE8E4903A89B
:1018B00003F0ADFD94F90A1003A803F0AEFD8B49C7
:1018C00003A803F099FD94F9091003A803F0A5FDFE
:1018D000874903A803F090FD94F9081003A803F0CA
:1018E0009CFD03A901A803F01CFE824903A803F094
:1018F0008EFD618A03A803F090FD204604F066FE89
:101900007D49064603A803F077FD002E00F0DE8037
:10191000314603A803F081FD784903A803F06CFD6C
:1019200003A901A803F0FDFD754903A803F06FFDAD
:10193000A16903A8691AFFF7EFFD724903A803F034
:101940005BFDE16903A8691AFFF7E6FD03A901A899
:1019500003F0E7FD237BDD070FD56B4903A803F0F8
:1019600056FD617B03A803F058FD684903A803F006
:1019700043FD03A901A803F0D4FD237B180707D575
:10198000634903A803F043FD03A901A803F0C9FDBF
:10199000604903A803F03BFDE379072B96BF5E4A3D
:1019A0005E4952F8231003A803F026FD237BD906D5
:1019B00003D55B4903A803F01FFD237B9A0603D5DB
:1019C000584903A803F018FD03A901A803F0A9FDD5
:1019D000237B9B0723D5544903A803F018FDA17B63
:1019E00003A803F01AFD202103A803F0F9FCE37B10
:1019F000022B96BF4D4A494952F8231003A803F021
:101A0000FBFC237B4A4913F0040F4A4B03A818BF81
:101A1000194603F0F1FC03A901A803F082FD208A16
:101A200078B103F08DFC60B9434903A803F0EFFCE3
:101A3000218A03A8042203F019FD03A901A803F0D9
:101A400070FD94F82830A3B1237B3C4913F0040FB8
:101A50003B4B03A818BF194603F0D9FC03A901A802
:101A600003F05FFD94F8281001AA04F12A0003F0A6
:101A700085FD94F8293073B1324903A803F0C7FCFF
:101A800003A901A803F04DFD94F8291001AA04F15F
:101A9000490003F073FD9DF809000CB070BD2A49A0
:101AA00003A803F0B4FCA61D16F8011D022203A82A
:101AB00003F0DCFCB4423FF4CDAE3A2103A803F0BE
:101AC0008FFCF1E72149D9E62149D7E63F2103A858
:101AD00003F086FC24E700BF69C3020076C302005E
:101AE000FCDD02007CC3020082C3020088C3020046
:101AF0008EC3020094C3020099C30200B1C2020067
:101B0000A1C30200A8C3020010C30200AFC30200B9
:101B1000B8C30200CBC302000CDE02002CD40200CA
:101B2000D0C30200D6C30200DCC302002CDE0200D8
:101B300043C3020047C30200E4C302005EC30200C5
:101B400051C30200EDC3020047CD02002FC30200C3
:101B500036C302002DE9FF47144601AD1E468846F4
:101B60009DF83070814602F027FA2A48FEF714FFEC
:101B7000611C284603F016F9284609F0E1F804AB89
:101B800053FA80F301302F22414655FA80F003F8D2
:101B90000C2C03F007F9284603F0FCF82A46022132
:101BA000C0F17F0003F0D2F8002F0CBF4FF0070AFE
:101BB0004FF0060A0025A0450DDDC5EBC50109EB78
:101BC00044120C310220013503F0C0F8EBB29A4503
:101BD00004F10104EFD8C7B138227F21002003F0BF
:101BE00005F8013E012416F9010F0621FFF784FCD8
:101BF00028B1C0F140013F22601C02F0E5FFE3B2D2
:101C00009F4202D901347D2CEDD102F0E3F904B0FA
:101C1000BDE8F087FFC302002DE9F043044691B010
:101C20001F460D4691469DF8608002F0C5F9E07AA6
:101C300003F024FA414A06460121022003F06EF81F
:101C40003F4907A803F0E3FBA27903A82146FFF769
:101C500033FC014607A803F0CFFB202107A803F0BF
:101C6000BFFB33780BB904F16806314607A803F0CF
:101C7000C3FB07AA02211E2003F068F809227F2176
:101C8000002002F0B3FF002D3AD12E4A0E2122206F
:101C900003F044F82C4907A803F0B9FB494607A80C
:101CA000FFF73AFC07A803F075F807AA0F21C0F167
:101CB0007E0003F04BF876212846FFF71DFC012536
:101CC00000230446CDE90035782208231A21042098
:101CD00002F09EFF3CB1CDE90055062322461B21B0
:101CE000052002F095FF0024444519D13F227F21B1
:101CF000002002F07BFF02F06DF911B0BDE8F08327
:101D0000294603A803F04EF803AA0E21042003F08D
:101D100005F803A803F010F80C4A0E210830B7E7C5
:101D20007C2CE3D038571621FFF7E6FB20B13E228A
:101D3000111AA01C02F048FF0134D5E76DBC020067
:101D400047CD020006C40200A9C302001DD4020050
:101D50002DE9F04F8FB099468A460646154602F0A7
:101D60002BF9794A0121022002F0D8FF514602A83E
:101D700003F018F802AA0221302002F0E7FFFEF774
:101D800027FD09227F21002002F030FFBAF1000F69
:101D900009D16E4A1C210E2002F0C0FF02F01AF990
:101DA0000FB0BDE8F08F042D2F4638BF0427043F45
:101DB000FFB2242404FB07644FF00B0BBA4537DD58
:101DC000207C05F02BFA0BF1010802464146022067
:101DD00002F0BCFFA37E002B64D05D4905A803F090
:101DE00016FB04F1190304F1200213F8011F09B1D5
:101DF00093424FD105AA4146222002F0A7FF637CFF
:101E0000DA0656D5534A41463E2002F09FFFBD42B6
:101E100005D1082380225946002002F029FF0BF14A
:101E2000090BBBF1380F07F1010704F12404C5D1F8
:101E3000AA4500F2868000253544474905A803F0ED
:101E4000E6FA95F9071005A803F0E7FA434905A853
:101E500003F0D2FAE96805A8A9EB0101FFF75CFBE2
:101E60006B7C1B070BD5202105A803F0B9FA298B41
:101E700005A803F0D2FA3A4905A803F0BDFA3822C2
:101E80007F21002002F0B2FE05AA3A21022002F0D2
:101E90005DFF83E705A8CDE9003203F0A1FADDE993
:101EA0000032A2E7A27902A82146FFF705FB02460D
:101EB000A1E7D80719D5264905A803F0A8FA0122F9
:101EC0000A23B4F9121091FBF3F105A803F0E4FA28
:101ED000432105A803F084FA05A802F05BFF05AAD8
:101EE0004146C0F1540002F031FF637C990718D5D8
:101EF000174905A803F08BFAA38A05A83233642199
:101F0000B3FBF1F103F089FA482105A803F068FA60
:101F100005A802F03FFF05AA4146C0F16A0002F0A1
:101F200015FF637C5A077FF572AFA17D02A802F00E
:101F300039FF02A802F02EFF02AA4146C0F17F003D
:101F400063E724235D4377E710C40200F0C2020078
:101F500047CD020024CD020082C3020018C4020053
:101F60001EC40200F0B585B0044602F025F8404AD0
:101F70000121022002F0D2FE2146684602F012FF43
:101F80006A460221502002F0E1FE684602F002FF9C
:101F9000384A0221523002F0D9FE09227F21002066
:101FA00002F024FE06F01CFC074690B9324A1421C8
:101FB000022002F0CBFE314A1E21022002F0C6FEB2
:101FC0002F4A2821022002F0C1FE02F003F805B0DA
:101FD000F0BD0B240025284606F008FC06460188C3
:101FE000684602F0DFFE6A462146022002F0AEFE9D
:101FF0007179684602F0D6FE6A4621461C2002F03E
:10200000A5FE684602F0C6FE1E4A21461D3002F0BB
:102010009DFE7188684602F0C5FE6A462146302062
:1020200002F094FE684602F0B5FE174A21463230AF
:1020300002F08CFE01352D2331798DF800300DF141
:10204000010002F0AFFEEDB26A462146682002F0C0
:102050007DFEAF4203D0052D04F10904BBD1372228
:102060007F21002002F0C2FD084A3A21AAE700BF02
:102070008FC4020099C402009EC40200B8C40200CA
:10208000CFC4020009C0020020C30200E3C4020062
:10209000F0B587B007460E4615461C4601F08CFF8A
:1020A00000210123CDE9003308460C23802202F0F1
:1020B000AFFD334A02211C2002F030FE0021084609
:1020C0000C23802202F0D4FD2E4B2F4A1421002F26
:1020D00008BF1A46022002F021FE314602A802F093
:1020E00061FE02AA14212A2002F018FE02A802F0C2
:1020F00023FE264A14212E3002F010FE294602A8A3
:1021000002F050FE02AA14215A2002F007FE02A893
:1021100002F012FE1E4A14215C3002F0FFFD1D4A3F
:102120002021022002F0FAFD214602A802F03AFE28
:1021300002AA2021222002F0F1FD174A2E210220BE
:1021400002F004FE4FF47A730C99B1FBF3F102A88C
:1021500002F028FE02AA2E212C2002F0F7FD02A890
:1021600002F018FE2E2108440C4A02F0EFFD0C4A42
:102170003821022002F0EAFD01F02CFF07B0F0BD8B
:10218000FEC40200C1BE0200BABE020064D4020056
:1021900009C002000CC5020011C5020098BD020072
:1021A0001AC5020010B5074C0346083001F00F02B3
:1021B0000909A25C00F8012D9842F7D100230372AF
:1021C00010BD00BF68DE0200F8B50C464FF4616137
:1021D000B4FBF1F1054602F0E5FD034601301E783F
:1021E000002EFAD13C21B4FBF1F001FB1044B0FB0E
:1021F000F1F201FB12020A21B2FBF1F701FB1722F7
:1022000030323A209A70B4FBF1F201FB124418709C
:1022100007F1300CD870303402F13000187183F8B7
:1022200001C05C719E712846F8BD70B516461D460A
:1022300007220C2310FB02340A460220214602F03A
:1022400085FD32462146282002F080FD4DB1304602
:1022500002F0A0FD2A4621462B30BDE8704002F076
:1022600075BD70BD7FB5564B90F82020054655488A
:10227000042A08BF1846024602200C4602F066FDFA
:1022800095F82130002B40F08980E9684E4A52F8D9
:102290003360314202EBC30075D0426821462C20E6
:1022A00002F054FD698C01290FD958230DF1050066
:1022B0008DF8043002F076FD01A802F06BFD01AA52
:1022C0002146C0F17E0002F041FDE61D3F4A314645
:1022D000022002F03BFD296801A8FFF763FF3146A9
:1022E0000246122002F032FD394A3146402002F007
:1022F0002DFD696801A8FFF755FF3146024604F13C
:102300000E06502002F022FD324A3146022002F031
:102310001DFDE96801A8FFF745FF3146024616207A
:1023200002F014FD2C4A3146402002F00FFD2969CD
:1023300001A8FFF737FF31460246542002F006FDA0
:10234000EB681A0404F115042AD52146234A022019
:1023500002F0FCFC696901A8FFF724FF2146024650
:10236000162002F0F3FC1E4A2146402002F0EEFC4B
:10237000E96901A8FFF716FF21460246542002F042
:10238000E5FC04B070BD01330E2B80D12B69154ADA
:1023900013F0020F144B08BF1A467FE7134A7DE77C
:1023A0001B0606D52146124A022002F0CFFCA9697D
:1023B000D1E721460F4A022002F0C8FCA968CAE70B
:1023C00036C5020040C502007CDE02009DC6020048
:1023D00065C5020068C502006DC5020072C5020035
:1023E00072C4020059C50200F7B902004AC50200D2
:1023F00077C502007CC5020070B505788AB005F18A
:1024000031038DF804302F2633230446ADF806300F
:102410008DF8056001F0D0FD824B53F82500FEF7E2
:10242000BBFA01A802F0B6FC01AA0221C0F17E00AD
:1024300002F08CFC2578012D64D0022D00F0CC80B8
:10244000794A0C21022002F081FC784A0C212820D4
:1024500002F07CFC754802F09DFC754A0C212C3082
:1024600002F074FC01F0E4FF0023024671490120F0
:10247000FFF7DBFE616801A8FFF7A6FE0023024616
:102480006D490220FFF7D1FE02F06EF8014601A867
:10249000FFF79AFE0023024668490320FFF7C5FEB6
:1024A00002F0D2F919214143022201A802F0A4FC52
:1024B000634B644902460420FFF7B7FE02F0A0F91F
:1024C000014601A802F06EFC5F4B604901AA05209D
:1024D000FFF7ABFE02F08CF9014601A802F062FCA6
:1024E00001AA3146602002F031FC02F09FF901465A
:1024F00001A802F057FC564B564902460620FFF74A
:1025000094FE62E0544E0322318801A802F074FC6C
:10251000524B534901AA0020FFF787FE317901A8E9
:1025200002F040FC01AA0C21542002F00FFC01A88B
:1025300002F030FC4B4A0C21553002F007FCB6F992
:102540000A1001A802F02EFC002302464649284644
:10255000FFF76BFE7188032201A802F04DFC01AA6F
:102560001321462002F0F2FB01A802F013FC3B4AC3
:102570001321483002F0EAFBA16801A802F012FC26
:102580000023024639490220FFF74FFEA18901A826
:1025900002F008FC364B374902460320FFF745FEA0
:1025A00001F0B0FD0346A8B101F0B4FD810A01A815
:1025B00002F0F8FB304B024630490420FFF735FEAD
:1025C0002F4A3621022002F0C1FB0AB0BDE870405C
:1025D00001F000BD2B4AEFE701A801F0CBFFD8B115
:1025E0000C2101A8FFF73EFE29227F21002002F0E6
:1025F000FDFA254A2E21022002F0A8FBA27B234BE4
:102600002349002A18BF19460A4616202E2102F037
:102610009DFB204A3521D5E71F4A0C21284602F0B0
:1026200095FBE1E75CDE0200F4C5020075DF020005
:102630006DDF0200B2BB0200F7C50200FEC502005A
:10264000BDD3020006C602000BC6020013C602007C
:1026500019C6020022C60200CE8B002030BA02004A
:1026600090C50200C8CD020098C50200A0C50200B6
:10267000A7C50200ACC50200B4C50200E6BC02005A
:10268000B7C50200BBC2020039CA02004AC5020037
:1026900080C50200D7C50200BFC50200F0B5DFF853
:1026A0004CC002EB42040139E4B200234FF0200E8B
:1026B000A34204D10021BAB1013BC154F0BD11F8CD
:1026C000015F2D095E1C1CF80550C5540F789D1C38
:1026D00007F00F07EDB2F6B21CF807708755033309
:1026E00000F805E0DBB2E3E70B46E6E7ECDE0200CC
:1026F0002DE9F04F8DB005469DF858808946164665
:102700001F4601F059FC8C4A0121022002F006FB11
:1027100008ACB8F1000F59D043F24103ADF82030B6
:102720003A238DF822304FEA1812844B9A5C8DF8C8
:10273000232008F00F029B5C8DF8243000238DF8D5
:10274000253022460221222002F000FB3946204695
:1027500002F028FB204602F01DFB22460221C0F1B8
:10276000620002F0F3FA764A0221682002F0EEFAE3
:102770003146204602F016FB204602F00BFB2246B3
:102780000221C0F17F0002F0E1FAFEF721F80922F0
:102790007F21002002F02AFA0C2105A806F058F942
:1027A000019048BB674A1821022002F0CFFA664A1E
:1027B0002221022002F0CAFA644A2C21022002F0EF
:1027C000C5FA01F007FC0DB0BDE8F08F25B1294630
:1027D000204602F0E7FAB4E74946204602F0E2FA62
:1027E0005B4A02211E2002F0B1FA594802F0D2FAE7
:1027F000224602211F30A7E705AFDFF8409102977C
:102800004FF0000A029B13F8010B029306F010F937
:102810000AEBCA05817906460C35204602F0C2FA59
:1028200022462946022002F091FA204602F0B2FA2E
:10283000484A2946033002F089FA96F805C06146F5
:10284000052938BF05210A1FC1F10401D2B20023B6
:102850000391D0B2844548D80022E254294622464A
:10286000102002F073FA3189204602F09BFA2246CA
:102870002946402002F06AFAB189204602F092FA15
:1028800022462946502002F061FA204602F082FAE0
:10289000314A2946513002F059FA2D23B17A8DF888
:1028A00020300DF1210002F07DFA204602F072FA8C
:1028B00022462946C0F17F0002F048FABAF1040F1F
:1028C00006D0019A0AF1010A5FFA8AF39A4299D86E
:1028D00037227F21002002F089F9204A204B3A213B
:1028E000B8F1000F08BF1A4668E7B15C090903F1A7
:1028F000010E19F80110E15416F802B00CAF0BF0FC
:102900000F0B57FA8EFE013219F80BB00EF810BCFF
:10291000991C9445C9B20DDD039F3844C00709D501
:102920000B2907D83031694403334FF0200001F8F8
:10293000100CD9B20B468CE787C10200ECDE020016
:1029400003C7020007C7020021C702003FC70200F9
:10295000FEC6020009C0020020C30200C8C6020071
:10296000E3C6020013B547F63003ADF800300209A4
:10297000264B00F00F009A5C1B5C8DF8033000249E
:102980008DF802208DF8044001F016FB204802F07B
:1029900001FAC0F1800000EBD0701D4A0221401006
:1029A00002F0D4F9204609227F2102F01FF9194ACA
:1029B0001421042002F0CAF9684602F0BDF9C0F102
:1029C000800000EBD0706A461121401002F0A6F999
:1029D000114A1421782002F0B9F920461E227F21E5
:1029E00002F004F90D4A2321022002F0AFF90C4A4B
:1029F0002B21022002F0AAF90A4A3321022002F018
:102A0000A5F901F0E7FA02B010BD00BFECDE02004C
:102A100054C7020062C7020066BF020064C702001A
:102A200070C702007DC702002DE9F04F93B01C462D
:102A30000BAD88461746064601F0BEFAA94A0121A9
:102A4000022002F06BF94146284602F0ABF9284615
:102A500008F076F912AB53FA80F301302F22394691
:102A600055FA80F003F81C2C02F09CF92A4602214A
:102A7000262002F06BF924B19B4A0221422002F089
:102A800065F9FDF7A5FE09227F21002002F0AEF8CE
:102A9000B6F85610284602F085F9284608F050F995
:102AA00012AAC3B252FA80F04D2200F81C2C12A9CF
:102AB0005A1C51FA82F2482102F81C1C9A1C6944E3
:102AC00051FA82F25A2102F81C1CDA1C12A951FA9E
:102AD00082F2202402F81C4C1A1D51FA82F27179FC
:102AE000303102F81C1C5A1D12A951FA82F24221FF
:102AF00002F81C1C9A1D12A951FA82F296F8541081
:102B000002F81C4CD81D494255FA80F002F04AF9EF
:102B10002A460C21022002F019F9744A13210220DE
:102B200002F014F9B179284602F03CF92A46132143
:102B30000E2002F00BF9284602F02CF96C4A132102
:102B4000103002F003F9F179284602F02BF92A46F9
:102B50001321204602F0FAF8284602F01BF9654BD3
:102B6000327A6549002A18BF19460A4622301321D5
:102B700002F0ECF8727931462846FFF78FFD06F136
:102B800009082A461A21282002F0E0F8B17901AAA2
:102B9000404606F06BFEA8B39DF8040006F058FE10
:102BA00005AA00231746C15C002940D1DCB29DF87C
:102BB0000420022A4DD10DF1060A4FF006094FF00C
:102BC0003F0B152C12D01AF8010F78B106F02EFE2B
:102BD000B0B32346013810F8012FDCB20AB1152C2E
:102BE0002BD109F1FF3919F0FF09EAD104F14803AB
:102BF0000DEB03043A4600231A21022004F8343C6A
:102C000002F0A4F8B379002B68D13C4A24210220B9
:102C100002F09CF83A4A3E21022002F097F801F0B7
:102C2000D9F913B0BDE8F08F02F8011BBBE70133FF
:102C3000162BF9D115242346B9E7FA540133CAE714
:102C400004F14802631C0DEB020404F834BCDCB24E
:102C5000C7E7032ACAD1BDF90E1048336B44601C84
:102C600020220029C0B203F8342C08DB00F148030D
:102C70000DEB030002342B2300F8343CE0B238445F
:102C800002F090F8384608F05BF8BDF91010C4B2B5
:102C90000029234606DB48336B4401342B22E4B27F
:102CA00003F8342C381902F07DF89FE7121BD2B2DA
:102CB000082A28BF082208EB04012846FFF7EEFC8B
:102CC000083439462A46022002F040F8202C07F149
:102CD00007079FD0B279A242E8DC9BE722270024B5
:102CE000F8E700BF92C702005CBC0200ADCD020055
:102CF0009FCC02008CC70200B4C9020099C7020031
:102D0000A7C702000621084608B5074A02F01EF8C8
:102D1000064802F03FF8BDE80840044A0621C0F129
:102D20007A0002F013B800BF75DF02006DDF020009
:102D300030B58BB0044601A801F01CFC80B301F053
:102D40003BF91F48FDF728FE0C2101A8FFF78AFA7E
:102D50002A227F21002001F049FF1A4A2D2102205A
:102D600001F0F4FF184A3421022001F0EFFF174A66
:102D70003A21022001F0EAFF01F02CF900F0BEFF39
:102D800001F088FE054601F085FE431BA34205D2F3
:102D900000F008FF002000F061FF18B100F0AEFF66
:102DA0000BB030BD012000F059FF0028F6D1022001
:102DB00000F054FF0028F1D1142001F095FEE2E765
:102DC000C8C70200D0C70200E8C7020003C802005B
:102DD0001320704707207047F7B5044601F0ECF860
:102DE00019481A4FFDF7D8FD26460C25122E0EDC89
:102DF00057F826201378202B1BD1013229460420B6
:102E000001F0A4FF07353D2D06F10106EED10122A8
:102E1000342314FB03F1CDE9002213237F20B1FBFF
:102E2000F3F10C3101F0F4FE03B0BDE8F04001F025
:102E3000D1B82946022001F089FF07237D22691EAF
:102E4000002001F015FFDDE712C8020000DF0200DC
:102E50007FB5044601F0B0F802210846554A564DA8
:102E600001F074FF554B2278002A18BF1D462846F2
:102E700001F090FF2A460221C0F17E0001F066FFBA
:102E80004F4A0C21022001F061FFA17801A801F056
:102E900089FF01AA0C212E2001F058FF01A801F0A2
:102EA00079FF484A0C21303001F050FF464A132187
:102EB000022001F04BFFA18801A801F073FF01AAD5
:102EC00013212E2001F042FF01A801F063FF3F4AC9
:102ED0001321303001F03AFF3D4A1A21022001F05F
:102EE00035FFA16801A801F05DFF1A2102462E20DE
:102EF00001F02CFF374A2121022001F027FFE16871
:102F000001A801F04FFF212102462E2001F01EFFF3
:102F1000238A002B3FD0304A2821022001F016FFDF
:102F2000218A01A801F03EFF01AA28212E2001F0EC
:102F30000DFF01A801F02EFF00F13006274A2821DD
:102F4000304601F003FF254801F024FF451CA17C19
:102F5000354401A801F026FF01AA2821284601F0E6
:102F6000F5FE01A801F016FF2844164A2821023078
:102F700001F0ECFE616901A801F014FF01AA2F2104
:102F80002E2001F0E3FE01A801F004FF144A2F21D6
:102F9000303001F0DBFE2278124B1349002A18BFB3
:102FA00019460A4602203A2101F0D0FE01F012F83B
:102FB00004B070BD45C8020018BC02004AD102002E
:102FC0004CC80200BBC1020057C80200B1C20200D7
:102FD000A0C5020063C802006AC802006FC80200F0
:102FE00075C8020017C802002AC80200F0B58BB0ED
:102FF0000D46014602A801F0D5FE05AB013810F8D8
:10300000012F002A53D11C46202204F8022B2B2228
:103010005A70294602A801F0C5FE013810F8013F98
:10302000002B47D14422227042226270A3702348B1
:1030300001F082FE044605A801F07EFEA04203DDF9
:1030400005A801F079FE044604F10A05C4F17604EE
:1030500004EBD4746410012700262A462046CDE9EB
:10306000007618230E2101F0D3FD18232A460E21E5
:103070002046CDE9006701F0CBFD104801F05CFE71
:10308000281A00EBD0700D4A112104EB600001F00A
:1030900045FE05A801F050FE2D1A05EBD57505AAD1
:1030A0001B2104EB650001F039FE0BB0F0BD03F805
:1030B000012BA4E704F8013BB0E700BF7BC8020086
:1030C00030B585B00C46054600F076FF1A48FDF78E
:1030D00063FC1A4A0C21022001F038FE184A142120
:1030E000022001F033FE174A1C21022001F02EFEBF
:1030F000154A2621022001F011FE2946684601F0FA
:1031000051FE6A462621282001F008FE0F4A302190
:10311000022001F003FE204606F0A4FC3021024606
:10312000282001F0FBFD0A4A3A21022001F00EFEA0
:1031300000F050FF05B030BD36CA02003ECA0200A2
:1031400053CA02006ACA02007ECA020083CA020091
:1031500087CA020070B586B006460D46144600F0D8
:103160002BFF00210123CDE9003308460C238022E8
:1031700001F04EFD224A02211E2001F0CFFD002168
:103180000C238022084601F073FD314602A801F0AD
:1031900009FE142102AA084601F0C0FD02A801F0B0
:1031A000CBFD184A1421183001F0B8FD284606F06E
:1031B00059FC20210246142001F0B0FD124A2E21B4
:1031C000022001F0C3FD02A84FF47A71B4FBF1F1C3
:1031D00001F0E8FD02AA2E212C2001F0B7FD02A883
:1031E00001F0D8FD2E210844084A01F0AFFD084A3D
:1031F0003821022001F0AAFD00F0ECFE06B070BDFF
:1032000002C5020064D4020011C5020098BD02008C
:103210009CCA020010B5094A0C0B145D0470C1F37E
:103220000324145D4470C1F3031401F00F01145D15
:10323000525CC27000228470027110BD5CDF02001B
:1032400030B50B4D821C01F1080313F8014D240920
:103250008B422C5D02F8024C1C7804F00F0402F142
:1032600002022C5D02F8034CEFD10023037430BD41
:103270005CDF0200F0B5144685B01E460D460746D9
:1032800001F064FD204601F085FD841C3C4431467C
:1032900001A801F087FD01AA2946204601F056FD4C
:1032A00001A801F077FD2044043005B0F0BD000016
:1032B0002DE9F04F8BB0064607F03CF8044600F0CD
:1032C0007BFE994A0121022001F028FD002E00F02A
:1032D0008A8044F6430331460DF10A00ADF8083008
:1032E00001F060FD02AA0221112001F02FFDA4B11E
:1032F000A26823684FF6FF751344AB4228BF2B46E4
:103300008A4A02212620FFF7B5FF6368884AAB424C
:1033100028BF2B460221FFF7ADFFFDF759FA09221E
:103320007F21002001F062FC01240B2527465FFA73
:1033300085F8404607F006F890B18379002B54D009
:10334000B3FA83F3C3F120035B00092BA8BF092361
:10335000CDE900770622C3F11401204601F058FCA4
:10336000294602A801F01EFD02AA1521204601F0FF
:10337000EDFC464505D1072308221421601E01F00B
:1033800077FC14210DEB010007F006F80DF1140B8A
:1033900081464FF0000A5FFA8AF399452CD801352F
:1033A0001B2D04F10804C2D12A467F21002001F020
:1033B0001DFC14210DEB010006F0EEFF804650BB12
:1033C0005C4A2321022001F0C1FC5B4A5B4B2C21AB
:1033D000002E08BF1A46022001F0B8FC00F0FAFDEA
:1033E0000BB0BDE8F08F564A7DE7038813B9838898
:1033F000002BB5D00123ABE71BF8010B06F0BAFF99
:103400008378434504D190F90A30002BC0F28180C3
:103410000AF1010ABFE7444FDFF83CA105AE4FF0C7
:10342000000916F8010B06F0A5FF0446018802A862
:10343000FFF7F0FE09EBC9051E35024629460220BA
:1034400001F084FCA17802A801F0ACFC02AA294694
:10345000162001F07BFCA18802A801F0A3FC02AABF
:103460002946222001F072FCE17802A8494201F0CD
:1034700099FC02AA29463A2001F068FC94F90A2036
:10348000A37A002A41DBD90741D513F0040F14BFFA
:103490003A46524629464C2001F058FCA37A9A0736
:1034A00004D5284A2946582001F050FCA37A1B076E
:1034B00004D5254A2946642001F048FCB9F1030FE0
:1034C00005D009F101095FFA89F39845A9D8B8F147
:1034D000040F83D9A8F1040102A801F063FC1B4882
:1034E00001F058FC044602A801F054FCC4F17F042A
:1034F000164A3921201A01F029FC02A801F04AFCE1
:1035000002AA3921C0F17F0066E7114AC2E7114AD9
:10351000C0E700230222CDE900730A210123A0188D
:1035200001F076FB3BE700BFDCCA020056CB02008D
:10353000DFCA0200E3CA0200B1CA0200C5CA020023
:10354000C1CA0200F3CA0200F6CA020073C8020030
:10355000A9C2020047CD0200D9CA02002DE9F04FEE
:10356000044689B01D460F46164600F025FDB74AB1
:103570000121022001F0D2FB218803A8FFF74AFEB7
:1035800001210246162001F0C9FB44F64303A1784D
:10359000ADF80C300DF10E0001F004FC02213220D8
:1035A00003AA01F0D3FB791C03A801F0FBFB077809
:1035B00003460130002FFAD12F221A70314601F054
:1035C000F1FB03A801F0E6FB03AA0221C0F17F0092
:1035D00001F0BCFB384609227F2101F007FBA388DC
:1035E0009B4A0B210220FFF745FEE388994A0B21F5
:1035F000FFF740FE2389984A0B21FFF73BFEE37853
:10360000964A5B4212210220FFF734FE944A1221AF
:10361000064601F09BFB924801F0BCFB637B032B49
:1036200096BF904A904A52F82320871C3744384668
:10363000122101F08BFB637B032B96BF894A8A48DA
:1036400052F8230001F0A6FB861C3E44874A122153
:10365000304601F07BFB854801F09CFB0230A17BEA
:10366000064403A801F09EFB12210246304601F0F9
:103670006DFB94F90A20A37A002A17DA7C4801F03E
:1036800089FB7B4A06461921022001F05FFBA37AE1
:10369000DF0706F1040007D513F0020F754B764AD9
:1036A00018BF1A4619211FE0744AFBE75E0740F174
:1036B0008780237B022B00F08180714E714A012BA1
:1036C00008BF164632461921022001F03FFB304662
:1036D00001F060FBA37A684A13F0020F654B4FF0CC
:1036E000190118BF1A46063001F030FBA37A9A067A
:1036F00008D5654801F04EFB634A1921C0F17F00EF
:1037000001F024FBA37ADB060ED5604A20210220BB
:1037100001F01CFB04F1110103A8FFF791FD20212A
:103720000246162001F012FB94F80F80A77A0623B8
:1037300008F10508B8FBF3F85FFA88F30193C7F3C3
:103740008017237C57FA88F71F4417F0FF0748D0EB
:103750000323BE1CB6FBF3F65FFA86FA012EB5FB17
:10376000FAF30AFB1355EDB23FD0691CC9B203A8A6
:1037700001F018FB027803460130002AFAD12F220B
:103780001A70314601F00EFB03A801F003FB03AAF7
:103790002021C0F17F0001F0D9FA26227F210020EC
:1037A00001F024FA1FBB3A4A2921022001F0CEFA87
:1037B00000F010FC504609B0BDE8F08F354E81E7AF
:1037C000D8070AD5E37A344A19210220FFF752FDBF
:1037D000A37A99078AD5314A64E7314A1921022030
:1037E00082E73D464FF0010AD7E7B246D5E705EB41
:1037F0004505EDB24FF0290BAF42D9DD019BEEB28A
:103800009E424FD206EB46067600F6B24FF0020912
:10381000E27BB24211D904EB460203A8518BFFF7B9
:10382000F9FC59460246484609F1150901F08EFA9D
:103830000136B9F1800FF6B2EAD10BF1080BBBF1FA
:10384000410F05F10105D7D1B2E700BF69C1020000
:1038500027CB02002BCB0200F6CA0200D7BD020024
:103860006AC802004CDF02002CD402002FCB0200F9
:1038700033CB0200FACA020004CB02003ACB0200AA
:103880007DC102001BCB020069CB02006FCB02009E
:1038900074CB020010CB020043CB020050CB0200DD
:1038A00059CB0200237C4344AB420EDD04F13201CC
:1038B000A1EBC80101EBC50103A8FFF7C1FC02465B
:1038C0005946022001F042FAB7E7014AF8E700BF83
:1038D00081CB02004FF0A0430021C3F80817084B2A
:1038E00001224FF4A020C3F8F025C3F8F415C3F863
:1038F0001805C3F81025C3F81415C3F80025704740
:1039000000700040054B02681AB1002303600120DB
:103910007047013BF7D11846704700BF40420F0087
:1039200013B514491448002301240DF10602ADF823
:103930000630C1F82C26C1F83046C1F80031C1F874
:103940000431C1F814310C60FFF7DCFF18B94FF0F7
:10395000FF3002B010BD09484C60FFF7D3FF0028CC
:10396000F5D007488C60FFF7CDFFBDF8060000B228
:10397000EFE700BF0070004000710040047100409C
:103980001471004008B5FFF7A5FF0549054801235C
:10399000CB60FFF7B7FF0023C1F8003508BD00BFBB
:1039A0000070004010710040A0F54873B3F5C87F67
:1039B0009CBF014B1880704732010020F8B5584D6C
:1039C000032445F001054FF47A40A847013CFAD1A1
:1039D000FFF780FFFFF7A4FF4FF0FF3508262C46C6
:1039E000FFF79EFF002804DBA0420CDC8542B8BF35
:1039F0000546013EF4D14B4B002DC3F8006505DAB6
:103A0000631C04D1F8BD25460446F2E72C4644F673
:103A1000B5734FF47A616343B3FBF1F34249434A10
:103A2000098854814B434FF47A71B3FBF1F34FF0A3
:103A3000A041A3F6C410D1F8105553806FEAD50108
:103A400001F00101517140F63401884203D900238D
:103A5000D3801372D6E73648016819B1C1EBC101B2
:103A60000B44DB0803609BB241F2670001218342F3
:103A70001380917132D82F4E36F82170BB4206EB7D
:103A8000810026D3013906EB81048078A47836F8CA
:103A90002110241AA3EB070CE4B21FFA8CFCC91BFB
:103AA0000CFB04F489B2B4FBF1F10144C9B2107902
:103AB00028B1441CA14202DC4C1CA04200DD117163
:103AC00015F008051C490BD1D571157200230B7038
:103AD00098E701310D29CFD10021E8E76421E6E71D
:103AE00040F64750834215D80878003818BF0120A7
:103AF0000124D07140F6B14083420ED80B78022BDE
:103B000094BF002301231372002CDFD00B78013304
:103B1000DBB2DCE700242046EBE70023F3E700BF3D
:103B200080DF02000070004032010020CE8B0020B8
:103B3000C88B002086DF0200CC8B002070B5184CAB
:103B400022784FF0A04502F5E0720C2345F82230B0
:103B5000227D02F5E07245F8223094F8282002F523
:103B6000E07245F82230C5F80C3700F093FF0021D1
:103B700023460C46D5F810251E78DC71F240D2435E
:103B8000013102F001020329C3E902005A709A7060
:103B9000DC701C715C719A7103F11403EAD170BD81
:103BA00034010020F8B500F075FF204B00244FF0E1
:103BB000A0461978D6F810259F78CA4002F0010275
:103BC000597882F00105A94205D05D7098603FB335
:103BD0005A782AB310E08F42F9D09D68451B132D07
:103BE000F5D99970D979A2B900F5C87581F00101AC
:103BF000D8601D61D9709A71DA798AB99A797AB9DF
:103C0000DA68821AB2F5167F22BF01229A715A71C0
:103C100006E019B99A790AB901221A710022DA71FB
:103C20000134032C03F11403C3D1F8BD3401002087
:103C3000044B142202FB0033987810B1D87980F03D
:103C4000010070473401002008B50021C8B2FFF719
:103C5000EFFF10B901310329F8D108BD044B14223C
:103C600002FB0033D87808B10022DA70704700BF39
:103C700034010020044B142202FB0033187908B1F0
:103C800000221A71704700BF34010020044B142237
:103C900002FB0033587908B100225A71704700BF07
:103CA0003401002038B50546FFF7D8FF044678B93F
:103CB0002846FFF7BDFF60B100F0ECFE064B142272
:103CC00002FB05331A69821A002A02DB8C30186164
:103CD0000124204638BD00BF3401002010B5044641
:103CE000FFF7A6FF38B100F0D5FE034B142202FB0C
:103CF0000433DB68C01A10BD340100200022064BDB
:103D0000114601329878D970032A19715971D87106
:103D100003F11403F5D170473401002037B54FF09B
:103D2000A0444FF080534FF000658DF8070001214B
:103D3000C4F80C350DF10700C4F80C5500F0FCFD7B
:103D4000C4F8085503B030BD38B5054D044645F0FC
:103D500001054FF47A40A847013CFAD138BD00BFB5
:103D6000C0DF0200C0F58070044B6FEA40406FEA8C
:103D700050401880024B01229A6070477001002069
:103D800000C0014010B504468120FFF7C7FF3F2C5B
:103D900028BF3F24A00000F0FC00BDE81040FFF762
:103DA000BDBF5A38C0B2FFF7B9BFC0F1AF00C0B253
:103DB000FFF7B4BF10B50A4A0038137818BF0120C6
:103DC000003918BF01218342064B02D11C788C4276
:103DD00004D01970044B107000221A7010BD00BF7F
:103DE000E18B0020E08B0020E28B002070B54FF0CB
:103DF000A04403254FF00063C4F86C57C4F8705713
:103E0000C4F87457C4F808354FF48023C4F84857F1
:103E1000C4F8083500F050FD4FF08043C4F87857DF
:103E2000C4F80C3503F5E0331E22C3F860254FF0CB
:103E3000FF32C3F864250421C3F868250025C3F8C0
:103E40006C254FF48072C3F804553F48C3F80C1535
:103E5000C3F808250122C3F810554FF00056C3F8E7
:103E60002005C3F82425C3F82855C3F82C55C3F8FA
:103E700040054FF6FF70C3F84425C3F84855C3F812
:103E80004C55C3F81405C3F800126420C3F800258C
:103E90009A60C4F80C65FFF757FF6420C4F8086502
:103EA000FFF752FFAE20FFF739FF0220FFF736FF82
:103EB0001020FFF733FF4020FFF730FFB020FFF75F
:103EC0002DFF8120FFF72AFFCF20FFF727FFA1203A
:103ED000FFF724FFA620FFF721FFA820FFF71EFF12
:103EE0003F20FFF71BFFAD20FFF718FF8B20FFF7E8
:103EF00015FF3320FFF712FFC820FFF70FFFD32075
:103F0000FFF70CFF2846FFF709FFD520FFF706FF54
:103F10008020FFF703FFD920FFF700FF1F20FFF7E6
:103F2000FDFEDA20FFF7FAFE1220FFF7F7FEDB2096
:103F3000FFF7F4FE4020FFF7F1FEAF20FFF7EEFEA3
:103F4000024B1D7070BD00BF70010020E28B00208D
:103F500038B5AE20FFF7E2FE154B4FF401421A8050
:103F6000144B01229A6000224FF0A044C3F80025B0
:103F70004FF0FF32C3F8602503254FF08043C4F8AB
:103F800078573220C4F80C35FFF7DEFE00F0BCFC99
:103F90000223C4F86C37C4F87037C4F87437C4F817
:103FA00078374FF48023C4F84857C4F8083538BD33
:103FB0007001002000C0014002484FF480620021DF
:103FC00006F071BEE38F0020014B1860704700BF00
:103FD000DC8B00202DE9F04F3B4B1B68A3B003B1F5
:103FE00098473A4FDFF8F0803A7898F80030384D2B
:103FF000DFF8E890374E134301930024019BCA4633
:1040000023B3002C52D0A9F1800C387898F800B076
:104010000DF1080A42425146C0F18000002A49DBF6
:1040200019F80230BBF1000F0AD0BCF1000F3FD0ED
:104030001CF802E04FEADE1E5B00DBB24EEA03032F
:10404000013290420AF8013BE8D18A4633789BBBA3
:10405000A4F15000C0B2FFF761FE0220FFF75EFE40
:104060004FF0A04B1020FFF759FE4FF08053CBF8D4
:1040700008354FF00063CBF80C358021504600F036
:104080005BFC4FF00063CBF8083580225146284690
:1040900006F048FE0134082C05F1800509F180097D
:1040A000ACD10123337023B0BDE8F08FA446ACE758
:1040B000E646C1E70023C3E780222946504606F0C2
:1040C000C9FD0028C4D1E5E7DC8B0020E18B00208E
:1040D000E38B0020E28B0020E08B0020E38F0020A8
:1040E00037B54FF0A0444FF480258DF8070001212B
:1040F000C4F80C550DF1070000F01EFCC4F808557B
:1041000003B030BD024B1868003818BF012070475B
:10411000E4930020014B1868704700BFE49300202F
:10412000B920FFF7DDBF000010B5AB20FFF7D8FFC7
:10413000034BBDE810404FF4486043F001031847BB
:10414000D0DF0200F7B54FF0A04503274FF48026DB
:10415000C5F84877C5F80865FFF7E6FF00249F23F8
:104160008DF80330ADF804408DF806403B4601AAB7
:104170000121C5F80C650DEB070000F0FDFBC5F84B
:1041800008659DF805209DF804309DF80610120280
:1041900042EA03420A4313D06FF07F439A4212D09F
:1041A000A1F11003092B9CBF012303FA01F4201E87
:1041B00018BF012005490A60054A146003B0F0BD2C
:1041C00014461046F6E72046F4E700BFE8930020C7
:1041D000E493002038B5064C064DD5F800040128BC
:1041E00004D000F071F9013CF7D1204638BD00BF82
:1041F000002D310100E0014070B5C0F30B0605460B
:10420000A6B90B4C0223C4F80435FFF7E3FF50B105
:10421000C4F80855FFF7DEFF28B1C4F80465BDE80F
:104220007040FFF7D7BF0023C4F80435002070BDED
:1042300000E0014010F0030F2DE9F74380460F46E0
:10424000144632D11B4B0122C3F80425FFF7C2FFED
:1042500038B3E61C26F00306A61B25464FF0FF39AF
:104260002744B54208D1134B0022C3F8042503B0FC
:10427000BDE8F043FFF7AEBF042D2A46A7EB0501CA
:1042800028BF042201A8CDF8049006F04BFD08EBEE
:1042900004035B1B019A1A60FFF79CFF043D002892
:1042A000DFD1044B0022C3F80425002003B0BDE891
:1042B000F08300BF00E001404FF0A0430322C3F8A9
:1042C0007C274FF00042C3F80825034A00231370EF
:1042D000024A1370704700BFF4930020EC93002053
:1042E0004FF0A0434FF0004220B1C3F80C25034B20
:1042F00018707047C3F80825F9E700BFEC93002059
:10430000054A002313704FF0A0424FF00041C2F85D
:104310000815024A13707047F4930020EC930020B4
:10432000054B187038B94FF0A0434FF00042C3F866
:104330000825024B18707047F4930020EC9300207E
:1043400030B5194B197851B1FF29184B08D14FF0EE
:10435000A0424FF00041C2F80C1501221A7030BD86
:10436000134C1D782268821A8DB1002AF7DB4FF0BA
:10437000A0424FF00045C2F808550C3800221A70D0
:104380004FF47A73B3FBF1F318442060E7E7002A97
:10439000E5DB4FF0A0424FF00041C2F80C150122BE
:1043A0001A700C30F1E700BFF4930020EC9300206A
:1043B000F0930020BFF34F8F0549064BCA6802F403
:1043C000E0621343CB60BFF34F8F00BFFDE700BF38
:1043D00000ED00E00400FA050848094A034610B55C
:1043E00043F8082B074A0F21013901D1426010BD63
:1043F00053F8044B84EAF262F6E700BF4000002065
:104400004E494F4E3412ED5E00B591B0C3B28DF8F7
:104410000030064B1B68984204D39DF8003011B061
:104420005DF804FB0130FFF7EFFFF6E774010020B1
:10443000104B1B788BB9104B1B6899070FD4DA030C
:104440000FD4D8070FD459070FD41A070FD40B4A2B
:104450000B48002B18BF104670470A4870470A489F
:1044600070470A4870470A4870470A4870470A4828
:10447000704700BFF5930020F8930020ACCB0200FA
:10448000CEC50200E2C7020093CB02009CCB020023
:10449000A1CB020085D20200A5CB020007490A7811
:1044A00052B9074BC3F80C25064AC3F8042501226C
:1044B000C3F808251A600A70704700BFFC930020FB
:1044C00000000140FFFF0300034B1B781BB1034BAF
:1044D000034AC3F800267047FC9300200000014007
:1044E0003546526E08B500F0D5FA4FF0A0460546A5
:1044F00000F0D0FAD6F810355B06044603D5441B0D
:10450000312C07D82C460520FFF7DEFF254600F0AA
:10451000EBFAEDE7FFF704FEFFF74EFDFFF75AFD5C
:10452000FFF716FDFFF7ECFE04F068FE4FF0804346
:104530005A22C3F82025034AC6F818270122C3F8D7
:104540000025FEE70C00030008B54FF08043B122C0
:10455000C3F81C25FFF72EFF024A936B0344D36375
:10456000FFF73ABF40000020014BD86B704700BFF7
:1045700040000020144B154A9968914221D1DA6815
:1045800002601A6942605A6982609A69C260DA6997
:1045900002611A6A42615A6A82619A6AC261DA6A7F
:1045A00080F8202093F8302002F0010280F82120CA
:1045B0005A6B4FF6FF73934228BF13464384012082
:1045C00070470020704700BF400000205341524315
:1045D000074B084A9968914201BF93F83000C0F335
:1045E000400080F00100C0B218BF0020704700BF3B
:1045F0004000002053415243F8B5384B384A9A6086
:104600004FF08043374CD3F82005A0F15A025142B5
:104610005141354A11700022C3F82025334AD3F89E
:10462000001411604FF0FF32C3F8002403F16463FB
:10463000226803F5742303F64E139A420CD1666880
:104640002B4B0F2204F10805013A3ED19E4203D1C3
:104650005A2801D0CB0304D522484022002106F07D
:1046600022FBE36BA363FFF7B7FEFFF7B1FF214B1C
:104670001870EFF30882204B2049403A9A4229D81B
:104680001F4A12F01F0112D1144BC3F89810C3F83F
:104690009C201C4AC3F8A0200522C3F894205A6A23
:1046A00042F480325A62BFF34F8FBFF36F8F4FF0E7
:1046B00080431D22C3F810250022C3F8082103F50A
:1046C000F0330122C3F84025F8BD55F8047B87EA92
:1046D000F363B9E743F8041BD0E700BF00ED00E047
:1046E0000090010040000020FD930020F89300207E
:1046F0003412ED5EF593002020F00020AC57AC574B
:1047000000F0002009000610034A136B43F0020377
:104710001363FFF761BE00BF4000002008B52249C7
:10472000224B8D6A224E4C6B9E609D61CE6ADE618B
:10473000896B204A9862C3E90814EFF30581C1F33D
:104740000801D96202F16001814213D8290604D51B
:10475000A24202D82032A2420CD8B0F1005F07D3A7
:10476000154A00F12001914202D810F0030113D044
:10477000002200E001220021C3E9031192B10A46A0
:1047800001215A615A6B196301325A63FFF724FE03
:10479000BFF34F8FFFF70EFE8269DA6042691A613C
:1047A000C269EEE71146ECE700ED00E040000020B2
:1047B0005341524300F00020000001201EF0040F7E
:1047C0000CBFEFF30880EFF309807146024A82F3D1
:1047D0000888FFF7A3BF000000000120FFF7EEBF2D
:1047E00008B510B10020FFF70FFE00DEFEE7000065
:1047F000014B0248C01A704700F00020E0FF002083
:1048000010B5074B074C084A0020A342194604D2B2
:104810000968914203F1040300D010BD0430F4E7AD
:1048200020F0002000000120AC57AC57014B02489B
:10483000C01A7047909E002000F000204FF0804387
:1048400001225A6070470000094B0022C3F8002182
:1048500001221A60074AD3F8001109B9013AFAD1C6
:104860000122D3F808055A600022C3F800217047DE
:1048700000C00040A08601000C4BC3F84405C3F8FB
:1048800048150B49C3F83415C3F838250022C3F87E
:10489000182101221A61074AD3F8181109B9013AFF
:1048A000FAD10022C3F81821704700BF0030004041
:1048B000FE93002080841E004FF0A0430322C3F823
:1048C0006827C3F864274FF08062C3F80C250022E4
:1048D000C3F84C270B4B1A21C3F808151921C3F84C
:1048E0000C151321C3F810154FF00041C3F824151F
:1048F000C3F85425FF22C3F8C0250722C3F80025BA
:10490000704700BF003000400A4B0022C3F800256A
:104910004FF0FF32C3F80825C3F80C25C3F8102563
:104920004FF0A0430222C3F86827C3F86427C3F8F6
:104930004C2770470030004070B504460D4605B95D
:1049400070BDFF2D2E4628BFFF26B4F1005F0CD2AC
:1049500032462146074806F0E5F90648002231466E
:10496000FFF78AFF3444AD1BE9E7002231462046B9
:10497000F6E700BFFD940020FF2928BFFF21FF2B91
:10498000F8B50C461F46164628BFFF270A460146C3
:1049900009481D4606F0C6F90748E2192146FFF707
:1049A0006BFF3DB105493A4621443046BDE8F84029
:1049B00006F0B8B9F8BD00BFFD940020FE930020BA
:1049C0004FF08043012230B5DA602B4AD3F8181437
:1049D000C80301D5013AF9D101220021C3F81825F5
:1049E000C3F804119A60254B4FF08042D2F80411AD
:1049F000D9B9013BFAD10123D3601F4A4FF080435C
:104A0000D3F81814C90301D5013AF9D10022C3F82B
:104A10001825C3F8042101229A60184B4FF08042F8
:104A2000D2F8041109B9013BFAD1154B012200213A
:104A30004FF0FF305A60C3F80815C3F84803C3F8B5
:104A400008039A601A600F4B19600F4B0024002571
:104A5000C3E900450D4B5A60C3F804150321C3F8A0
:104A600008150421C3F81015DA601A60084A1369A2
:104A700043F01003136130BDA086010000127A00DC
:104A800000100140089600200096002000800040A1
:104A900000ED00E00D4B0E4AD3F80435106823F00A
:104AA0007F4313600B4A181AD2E9001320F07F40AD
:104AB000401843F100037D21C2E90003A0FB01027D
:104AC00001FB0323000B40EA035070470010014034
:104AD0000896002000960020024B01225A64D3F869
:104AE000440570470080004020B3C003B0F5FA6F62
:104AF00024BF4FF47A73B0FBF3F00F4BD3F80425C7
:104B000038BF0220024422F07F42C3F840254FF410
:104B100080310022C3F84021C3F8041340BF20BFF6
:104B200020BFC3F80813C3F84021044B4FF40032F0
:104B3000C3F88021704700BF0010014000E100E091
:104B4000A0F13003DAB2092A04D80E4803EB43037C
:104B500018447047A0F14103DAB2192A03D80A4871
:104B600003EB4303F4E7A0F16103DAB2192AF6D9A3
:104B70002B38C0B214289ABF044B53F820000448C5
:104B8000704700BF8FE0020041E00200D8DF020062
:104B90003EE002007F2810B50FD83F290DD8CB107A
:104BA000802413FB040001F00701064C01238B4015
:104BB000DBB2215C12B10B43235410BD21EA030187
:104BC0002154FAE7E38F0020914270B506460D4666
:104BD000144604DC0C461546A54200DA70BD0122DD
:104BE00021463046FFF7D6FF1444F5E7884270B5FA
:104BF00005460C46164604DC04460D46A54200DA7E
:104C000070BD012220463146FFF7C4FF1444F5E78A
:104C10002DE9F04F85B00E4687189DF838109DF8A5
:104C20003CA001910546044607F1FF3BA74219DC71
:104C300005B0BDE8F08FAC4207D0A34505D0B14226
:104C400003D0894501D0019A3AB1524620460393D8
:104C50000291FFF79FFFDDE9021301318845EADC8D
:104C60000134E3E706EB0308314608F1FF39F5E7C5
:104C70002DE9F047DFF850900E4698460446871815
:104C8000A7421DDCBDE8F0877F2C17D83F2D15D833
:104C90008022EB1013FB024319F8032005F00703F1
:104CA0001A4102F00102294682F001022046FFF774
:104CB00071FF0135AA45E7DC0134E1E70022F2E7A4
:104CC000354606EB080AF5E7E38F0020203AD2B21A
:104CD0005B2A2DE9F04728BF00220F4C02EB82022D
:104CE000074688461444002614F8019B002507EB6C
:104CF000060A49FA05F3DB0705D5012205EB080191
:104D00005046FFF747FF0135082DF2D10136052E39
:104D1000EAD1BDE8F08700BFADE0020070B50446FF
:104D20000E46551E15F8012F02B970BD20463146BA
:104D3000FFF7CCFF0634F5E70023C25C22B9062258
:104D400002FB03F0013870470133F6E72DE9F04725
:104D500004468846571E17F8010F08B9BDE8F087CA
:104D6000FFF7EEFE00258146002604EB050A19F840
:104D700005303341DB0705D5012206EB080150461B
:104D8000FFF708FF0136052EF1D10135032DEBD1D8
:104D90000434E0E70023C25C12B998000138704780
:104DA0000133F8E7F0B585B081EAE17301ADA3EB1B
:104DB000E17300222C464FF00A0CB3FBFCF70CFB0E
:104DC0001736303605F8016B1E46092E02F1010236
:104DD0003B46F2D800290346BCBF2D2103F8011B36
:104DE000A1181A4411F8014D03F8014B9342F9D16F
:104DF00000221A7005B0F0BD2DE9F84316460746AB
:104E00000C4600234FF001080A22B3421FDB002C9E
:104E1000BFBF38462D23644200F8013B94FBF8F9EC
:104E2000A8BF38464946FFF7BDFF054601302B783D
:104E3000002BFAD1002E20DD2E2305F8013B08FBC4
:104E4000194406F1FF3C0A212346002206E002FB3A
:104E500008F80133D9E70132B3FBF1F36245FAD127
:104E6000B3FBF1FC01FB1C33303300F8013B02F1D2
:104E7000FF3C002AE8D10023AB553846BDE8F88353
:104E800010B54FF62C64A04242D023D841F656020A
:104E9000904245D017D841F6280290420CD841F6EE
:104EA0002602904294BF00220122D0001A7882424A
:104EB00038BF02461A7010BD41F6520290420CBF34
:104EC0000A200020F2E74FF65A5290420CBF0D2004
:104ED0000020EBE74FF6ED64A04209D84FF6EB64F3
:104EE000A0421FD84FF6AA64A04208D00020DDE7F8
:104EF0004FF6F67290420CBF09200020D6E799B118
:104F000092B10A78403A012A94BF0E200520CDE7DD
:104F100009B1032A01D00420C8E704225A70FAE735
:104F20000A20C3E70C20C1E70520BFE7F0B54679AA
:104F300007790446701CB84216DA2568A85D90B15E
:104F400000EB060C67450FDD35446D780D70657913
:104F50002168023529441160421E1A7063790133B9
:104F6000034463710120F0BD0020FCE730B585B03B
:104F70001C460023154602908DF80C108DF80D305C
:104F8000089B22460DF1070102A8FFF7CFFF18B1D9
:104F90009DF80730AB42F3D105B030BD7FB51E465A
:104FA0000023154602908DF80C108DF80D300DF190
:104FB000030301AA0DF1020102A8FFF7B7FF80B1B8
:104FC0009DF80230162BF2D19DF803100129EED97D
:104FD000019C2388AB42EAD1089B02340239346039
:104FE000197004B070BD30B585B01C460DF10B03CF
:104FF00015460093FF2203ABFFF7B8FF68B19DF899
:105000000B10012981BF039B33F8022B2A802360F8
:1050100083BF089B02391970002005B030BDF0B580
:1050200085B0002406460F4602928DF80C308DF8AC
:105030000D400DF1030301AA0DF1020102A8FFF7D3
:1050400075FF10B9204605B0F0BD9DF8035002353C
:10505000EAB254FA85F5BD42EBDC01993019023908
:1050600005F060FEECB2E4E7884238BF08467047BE
:105070000B3803288CBF0020012070470E289ABFF0
:10508000024B53F820000248704700BF28E302009B
:1050900047CD020004289ABF024B53F82000024873
:1050A000704700BF14E3020047CD0200F0B514467C
:1050B00089B005460E460C220021204605F0F3FD7E
:1050C000002303958DF810608DF811300DF1070362
:1050D00002AA0DF1060103A8FFF728FF60B905AA8F
:1050E0003146284601F0E4FD20B12378072B38BF74
:1050F0000723237009B0F0BD9DF806302B2B28D86C
:10510000282B00F2A080092B14D8072B3ED8023B95
:10511000012BDBD800279DF807207B1C9342D5DAB2
:1051200002980022C05B234611460237FFF7A8FE13
:10513000FFB2F0E7162BC9D19DF80720012AC5D987
:105140000299023A31F8020B2346D2B2FFF798FED9
:10515000BCE7302B1AD0FF2BB8D19DF80720012ACD
:10516000B4D9029B198861804C2938D1023AD1B256
:105170000233002202204FF0010E571C8F420FDB3A
:105180002378834238BF034623709FE762680AB1E1
:10519000082B9BD0029B63609DF80730237295E734
:1051A0009F5C03EB020C122F9CF801C007D10B2867
:1051B00038BF0B2002325CFA82F2D2B2DDE7022F56
:1051C00006D1BCF1150FF5D1062838BF0620F1E74E
:1051D00007F0F707072F08BF84F801E0EAE7062980
:1051E0000ED12178032938BF0321022A21703FF410
:1051F0006DAF9B78032B7FF469AF0223637065E783
:1052000075297FF463AF052A7FF660AF9A78422A4A
:1052100009D1DA78092A7FF459AF1B79812B7FF401
:1052200055AF0323EAE7012A7FF450AFDA78002A6A
:105230007FF44CAF1A79022A7FF448AF5B79002BD8
:105240007FF444AFEDE72378082B38BF08239BE7B2
:10525000F8B514460E46054624220021204605F0E6
:1052600022FD0EB90020F8BD2B7803F03F018E42DD
:105270004FEA93132370F5D9481C013E2B18761A78
:10528000E36184F82060002950D06A78D3074BD5B9
:105290000728E7D9AB1C63600823960744BF063391
:1052A000DBB2560744BF0133DBB216070BD58B4286
:1052B000D8D2E95A012626720233C1F30B06090B34
:1052C00066816172DBB2D6061BD5991CC9B28842D1
:1052D000C8D9E9180126B1F801102673EE5C06F072
:1052E0003F066673EE56002EACBF1E274FF496772E
:1052F000C1F30C067E43490B033327826661A17319
:10530000DBB2910644BF1233DBB2520607D5984296
:10531000A8D901222276EA5C62760133DBB2984298
:1053200034BF002001209EE70223B6E701209AE760
:105330000A2894BF023003304000C0B2704700001A
:10534000064B00221988814201D15868704701320A
:105350001D2A03F10803F5D100207047E8E502009B
:10536000064B00221988814201D1586870470132EA
:105370002A2A03F10803F5D10020704798E40200BF
:105380000C4A03460021108898420AD1506878B927
:10539000B3F5306F4FEA931209D2074B53F822004E
:1053A00070470131072902F10802ECD1F0E7034808
:1053B000704700BFB0E30200E8E30200ACCB02009C
:1053C000022805D0122805D8034B53F82000704757
:1053D000024870470020704764E30200B2CB02002D
:1053E00090F820201E2A06D8531CDBB280F820300B
:1053F00081540022C254704710B54C1E631C02D069
:1054000014F8011F01B910BDFFF7EAFFF6E700220B
:1054100080F820200270FFF7EFBF7FB50C1E064614
:1054200003DA2D216442FFF7DBFF00250A202B461B
:1054300010336B44B4FBF0F100FB1142303203F83F
:105440000C2C23460135092BEDB20C46EFD80DB9D3
:1054500004B070BD6B1E04AADDB252FA83F330466D
:1054600013F80C1CFFF7BCFFF1E7000070B5541EE9
:10547000084E0D46E4B2FF2C00D170BDA30025FA02
:1054800003F303F00F03013CF15CFFF7A9FFE4B263
:10549000F1E700BF00E302002DE9F04100230D46D3
:1054A0000646174601240A21DAB297421AD8002D7F
:1054B00004DA2D213046FFF793FF6D4295FBF4F897
:1054C00030464146FFF7A9FF57B12E213046FFF77E
:1054D00087FF04FB18550A2794FBF7F4002C04DC23
:1054E000BDE8F0814C430133DEE795FBF4F1B1FBFD
:1054F000F7F307FB13113031C9B23046FFF770FFE5
:10550000EAE738B50C468D18AC4200D138BD14F826
:10551000011BA1F120035E2B88BF2E21FFF760FF46
:10552000F2E710B5437902799A42044608D9006837
:10553000202200EB431005F0F5FB63790133637122
:1055400010BD70B58AB01D460646002301A814465A
:105550008DF824308DF80430FFF74EFF254414F801
:10556000011B022201A8FFF781FFAC42F7D10146DF
:105570003046FFF7D6FF0AB070BD00002DE9F04FAE
:105580009DB0002301908B46144605908DF81810AD
:105590008DF819300DF10F0304AA0DF10E0105A8C5
:1055A000FFF7C4FC0546002879D1019807AA59469F
:1055B00001F07EFB00286FD09D498DF86C5013A838
:1055C0008DF84C50FFF718FF9DF81C0001F026FEE7
:1055D000014613A8FFF710FF9DF81D30DB0602D52A
:1055E0009449FFF709FF13A92046FFF79AFF9DF89A
:1055F0001D50AF0723D000238F498DF86C3013A8BE
:105600008DF84C30FFF7F8FEEE0708D5BDF91E10F7
:105610000222FFF741FF894913A8FFF7EDFEA90712
:1056200009D5BDF8201013A80222FFF735FF8449E1
:1056300013A8FFF7E1FE13A92046FFF772FF9DF8BC
:105640001D5015F00C0F27D000237E498DF86C30CB
:1056500013A88DF84C30FFF7CFFE6A070AD520213A
:10566000FFF7BEFE9DF82210FFF7D7FE764913A87C
:10567000FFF7C2FE2B070BD513A82021FFF7B0FEC2
:10568000BDF82410FFF7C9FE704913A8FFF7B4FE58
:1056900013A92046FFF745FF1DB0BDE8F08F9DF828
:1056A0000E50302D35D8BDB36B1E2F2B34D8DFE80C
:1056B00013F048000A010A012A012A015001500191
:1056C000770077008B003300330033003300330062
:1056D0003300330033003300330033005301330011
:1056E0003300A300330033003300330033003300B2
:1056F0003300330033003300330033003300330012
:105700003300DB03E20315043300330033003300BE
:105710007700FF2D00F0AF8200230AA84C498DF8D6
:1057200048308DF82830FFF767FE02222946FFF740
:105730009DFE4849FFF760FE9DF80F10FFF76DFED4
:105740002CE0002344498DF848300AA88DF8283011
:10575000FFF752FE9DF80F3003B3049D0222297813
:10576000FFF784FE2B78DA0702D53C49FFF744FEA9
:105770002B789B0703D53A490AA8FFF73DFE2B7803
:105780005F0703D537490AA8FFF736FE2B7813F0D9
:10579000180F03D034490AA8FFF72EFE0AA989E1A1
:1057A00000238DF848308DF828303049304B0AA856
:1057B000302D18BF1946FFF71FFE9DF80F200499E2
:1057C000FFF79FFE014675E19DF80F30002B3FF477
:1057D000E1AE002327498DF848300AA88DF828301B
:1057E000FFF70AFE049B93F90010FFF716FE22490B
:1057F0000AA8FFF701FEE5E79DF80F30012B7FF6C1
:10580000C9AE00230AA81D498DF848308DF828300C
:10581000FFF7F2FD049D04222988FFF727FE2021CF
:10582000FFF7DEFD2888FFF7ABFD0146E0E700BF8C
:10583000B2CD020023CD020046CD0200BACD020057
:10584000BDCD0200C1CD0200C7CD02001EC40200C2
:10585000A8CD0200ACCD0200F9CB020000CC0200C2
:1058600005CC02000ACC020013CC0200BACB020025
:10587000C1CB02001BCC020025CC02002ACC0200C6
:105880000AA8C2498DF848608DF82860FFF7B4FD7A
:10589000049F0422795BFFF7E9FD2021FFF7A0FDBB
:1058A000785BFFF75DFD01460AA8FFF7A5FD0146FD
:1058B0002046FFF736FE0235EDB29DF80F206B1C37
:1058C0009342DDDB66E600252E46F6E70AA8AF49DF
:1058D0008DF848608DF82860FFF78EFD049B5A19FB
:1058E0005B5B5188082243EA0141FFF7BFFD014697
:1058F0002046FFF716FE0435EDB29DF80F20EB1C95
:105900009342E3DB46E600252E46F6E79F498DF8F5
:1059100048800AA88DF82880FFF76EFD0026BB1B83
:1059200004990222C95C0AA80136FFF79FFD0C2EDC
:10593000F5D19749FFF760FD01462046FFF7F1FDDD
:105940001035EDB29DF80F3005F10F079F42DDDBFA
:1059500020E60025A846F5E79DF80F70012F7FF699
:1059600019AE049DB5F800804046FFF7F9FC00260B
:1059700088498DF8486081460AA88DF82860FFF7AD
:105980003BFD04224146FFF771FD2021FFF728FD72
:105990004946FFF731FD01462046FFF7C2FD4FF6AD
:1059A0002C63023F9845FFB200F04E811DD841F6AE
:1059B0005203984500F0158141F65603984500F0D2
:1059C000248141F6280398457FF4E4AD002F3FF48D
:1059D000E1ADA978704B714A8DF86C60002908BF61
:1059E0001A468DF84C601146F9E04FF6AA639845C7
:1059F0003AD04FF6F67398457FF4CCAD062F7FF67C
:105A0000C9ADAE78002E7FF4C5AD13A864498DF8FA
:105A10006C608DF84C60FFF7EFFCB5F80370C7F3CE
:105A20000B01FFF7FAFC13A85E49FFF7E5FC390B01
:105A3000FFF7F3FC13A92046FFF773FD13A85A499B
:105A40008DF86C608DF84C60FFF7D6FC0422B5F839
:105A50000510FFF70BFD5549FFF7CEFCB5F8071011
:105A60000422FFF703FDADE6002F3FF493ADAB78C2
:105A7000202B63D022D8002B3ED0102B7FF48AAD90
:105A80004B498DF86C6013A88DF84C60FFF7B4FC9F
:105A9000022F07D92B79032B04D8464A52F823103A
:105AA000FFF7AAFCDFF8288105350326F3B29F42F1
:105AB00033D813A92046FFF734FD6BE5302B00F0F7
:105AC0008980403B012B3FF665AD13A83A498DF81C
:105AD0006C608DF84C60FFF78FFC01462046FFF7A5
:105AE00020FDAB78412B7FF455AD002333498DF871
:105AF0006C308DF84C3072E0112F7FF64BAD2A1DC3
:105B000020462F490A23FFF71CFD2E49062305F1E5
:105B10000E022046FFF715FD3CE5294615F8013B2E
:105B20000D2B06D858F8231013A8FFF765FC013693
:105B3000BCE7012213A8FFF7E4FCF8E7052F7FF686
:105B400029AD13A820498DF86C608DF84C60FFF7E3
:105B500053FCA98849BA89B2FFF75FFC1B4913A817
:105B6000FFF74AFCE988C9BA11F5004FA1D001EB53
:105B70008101490048BFFF3113A801220912FFF734
:105B80008BFC432113A8FFF72BFC92E7E1CC02002A
:105B900072D4020031CC0200C7CB0200D3CB02008A
:105BA00088CC020092CC020098CC02009ECC02006D
:105BB00046CD0200F0E2020037CC020070CC0200B9
:105BC0004FCC020058CC020061CC020067CC02002E
:105BD000B8E20200AB498DF86C608DF84C6013A8F8
:105BE00007E6022F7FF6D6ACA7498DF86C6013A8A4
:105BF0008DF84C60FFF700FC2B79EA78A9781B043C
:105C000043EA0223194306222BE7002F3FF4C2ACDC
:105C10009E498DF86C6013A88DF84C60FFF7ECFB83
:105C2000AD78EE0702D59A49FFF7E6FBA90703D541
:105C3000984913A8FFF7E0FB6A077FF53AAF96494A
:105C400013A8FFF7D9FB34E7032F8DF86C608DF8AC
:105C50004C600ED1914913A8FFF7CEFBEB78AA78E0
:105C600029791B0243EA024319430622FFF7FEFB90
:105C70001FE78B49E4E79DF80F60012E7FF68AACA1
:105C8000049F88493D880AA84FF000088DF8488095
:105C90008DF82880FFF7B0FB04222946FFF7E6FBCA
:105CA0002021FFF79DFB2846FFF74AFB01460AA883
:105CB000FFF7A2FB01462046FFF733FC4C2D40F0D6
:105CC0008A80023E0237F6B245466B1C9E427FF741
:105CD00061AC17F805A074497B19504693F8018010
:105CE000FFF76EFB0023814613A88DF86C308DF80A
:105CF0004C30FFF781FBB9F1000F17D04946FFF791
:105D00007BFBBAF1120F19D16849694B13A8B8F19E
:105D1000180F98BF1946FFF76FFB01460235204662
:105D200058FA85F5FFF7FDFBEDB2CEE76149FFF7C5
:105D300063FB02225146FFF799FBE2E7AB1CBAF185
:105D4000020F07EB0309434431D1B8F1150F2CD1F1
:105D5000B3422ADC13A92046FFF7E3FB4A46564923
:105D600008232046FFF7EDFB002313A853498DF8C5
:105D70006C308DF84C30FFF73FFBB9F8101049BA82
:105D800089B2FFF74AFB13A84D49FFF735FBB9F875
:105D9000121049BA89B2FFF740FB4A4913A8FFF72E
:105DA0002BFB99F91410FFF738FB13A9B6E7BAF1EA
:105DB000070FFAD1B8F1020FF7D9B342F5DC374932
:105DC00013A8FFF719FBB9F8011049BA042289B2E8
:105DD000FFF74CFBA1E7062D7FF4DCABB51EEDB25F
:105DE000012D1AD9BB78012B1AD1FD7836498DF8CF
:105DF0006C8005F01F0513A88DF84C80FFF7FCFAA6
:105E0000102D05D8314B53F8251000297FF419AF18
:105E1000294613A8FFF701FB4BE6002D3FF4BAAB70
:105E2000BB78032B7FF4B6AB002313A828498DF869
:105E30006C308DF84C30FFF7DFFA01462046FFF753
:105E400070FB032D7FF6A6ABFB78002B7FF4A2AB93
:105E500015498DF86C3013A8053E8DF84C30FFF7CE
:105E6000CBFAF2B2791DABE400231A498DF8483021
:105E70008DF82830BCE4002317498DF848308DF8A0
:105E80002830B5E46BCC0200A4CC0200B2CC0200F6
:105E900023CD0200B7CC0200BBCC0200BFCC020075
:105EA000C7CC0200D5CC020046CD0200E2CB0200F6
:105EB000EDCB0200DACC0200E0CC0200E7CC02001D
:105EC00088C30200EDCC0200F3CC020074E20200B1
:105ED000F9CC020005CD020017CD02009DF80F702D
:105EE000049D102F2BD92E785EBB13A83B498DF84B
:105EF0006C608DF84C60FFF77FFA01462046FFF793
:105F000010FB374908236A1C2046FFF71AFB354966
:105F1000082305F109022046FFF713FB122F7FF635
:105F200039AB31498DF86C6013A88DF84C60FFF7E0
:105F300063FAB5F8111049BA042289B291E50D2F20
:105F40003AD92B78012B38D1002613A827498DF890
:105F50006C608DF84C60FFF74FFA01462046FFF762
:105F6000E0FA13A822498DF86C608DF84C60FFF7B9
:105F700043FA6F7807F00101FFF74FFA13A81D49A4
:105F8000FFF73AFAC7F34001FFF747FA13A9204693
:105F9000FFF7C7FA18490823AA1C2046FFF7D1FAD1
:105FA00016498DF86C6013A88DF84C60FFF724FA41
:105FB000D5F80A1009BA2DE74FB12B78022B06D17C
:105FC00000230F498DF86C308DF84C3007E6002324
:105FD0000C498DF86C308DF84C3000E62ECD020067
:105FE000E0CC020041CD020048CD02004ECD0200BF
:105FF0005ECD02006CCD020075CD02007BCD0200AB
:1060000086CD02009ACD0200F0B5104D104A2E68E0
:106010004FF4FA73B0FBF3F0811B042928BF04216D
:106020000123002799420AD25178137828600B4443
:106030009178D2780B441344064A5380F0BDF4188B
:1060400004F0030401331755ECE700BF2C96002041
:10605000309600200C96002010B5104B186830B117
:106060000F4B1B7874225A43002104F01CFE0024BD
:106070000C4B0D481C700422214604F014FE0A2229
:1060800021460A4804F00FFE09481022214604F078
:106090000AFE084B1C60084B1C7010BD389600208F
:1060A0003596002034960020309600201C96002063
:1060B0000C9600202C96002026960020044B0028E9
:1060C0001860044B08BF00211970FFF7C5BF00BF5F
:1060D0003896002035960020024B1868003818BF0B
:1060E0000120704738960020014B1878704700BF98
:1060F00034960020054B1B78834281BF044B1B68FC
:10610000742202FB003098BF0020704734960020B4
:10611000389600202DE9F047DFF84490DFF84480FE
:1061200006460F4600254FF0740A99F80030ECB28D
:10613000A34201D800200FE0D8F800000AFB04F4C5
:1061400020448379BB4209D10622314604F082FD06
:1061500020B9D8F800002044BDE8F0870135E4E715
:10616000349600203896002010B50446FFF74CFF07
:10617000074B1B7843B1074B1B68E41A42F20F73BD
:106180009C428CBF002301230348037010BD00BF55
:1061900026960020289600200C9600202DE9F04F2E
:1061A000DFF8B092D9F8003089B00546002B78D0DE
:1061B000A04E3378002B74D0076800230393ADF80A
:1061C00010301FB983798DF80C3003AF297FA8698F
:1061D00005AAFEF76BFF29793846FFF79BFF0446B7
:1061E000002840F087809DF815A0BAF1000F5ED01E
:1061F0002B79012B5BD1D5F81080DFF85CB24046DB
:10620000FFF702FF9BF8001049B18B4B196842F26F
:106210000F73A8EB010199428CBF00210121874B2C
:1062200087481B68874C03F003032170C25CFF2A78
:106230001CBF0132C254638801336380A3680133F9
:10624000A36019B980480A2204F02DFD7E4931F877
:106250001A30013321F81A306388072B24D9012220
:1062600022708BF80020744A7748C2F80080A28818
:106270009A4238BFA3800022012331F812C030F8BF
:1062800002EFE64588BFDAB20133052BF5D1627023
:106290006E4B32781B78B3EB520F08D3E3680133AF
:1062A000E36009B0BDE8F08F2378002BF0D1DFF870
:1062B0009CB12B79327801939BF800309A4240F2DE
:1062C000FA805A1CD9F800408BF80020742202FB97
:1062D000034474220021204604F0E5FC06223946DE
:1062E000204604F01FFD019BA37147F681732381B3
:1062F0002B69A361638A2969E1614FF6FF729342BA
:106300001CBF013363826B79E37195F90C3094F90A
:106310000820A3729A42B8BF237295F90C3094F901
:1063200009209A42C8BF63726B79042B0DD02B7A77
:106330005BB9A38A0BB96A6922626A6962624FF625
:10634000FF7293421CBF0133A3824EF660222B6979
:10635000B3FBF2F3627B9BB222B1E08A984204D095
:10636000FF2A01D001326273E382A369C91A384B54
:10637000994206D9637B052B82BF237B43F001033F
:1063800023736B791BB9237B43F0100323739DF8B0
:1063900015301BB1237B43F008032373EB790BB952
:1063A0002B7A43B1237BE07A43F00203237301216C
:1063B000FEF75AFEE0726B7A1BB1AB7AA373EB7AED
:1063C000E3739DF81410E07AFEF74EFEBDF8163028
:1063D000E07203B123820699D1B19DF81C30BBB1A4
:1063E0000B2B28BF0B23013904F16706002211F89B
:1063F000010F0132A0F120075E2FD2B288BF2E20FC
:10640000934206F8010FF2D12344002283F868205A
:106410006B79042B53D1237B43F0200323732B7F11
:10642000AA691F2104F14900FEF7F9FD84F829004B
:1064300037E700BF35960020289600202C960020D4
:10644000309600200C9600201C96002034960020E8
:10645000BF2709003896002026960020D9F8003082
:1064600001FB0636BAF1000F15D0F4B908F10108A6
:1064700034469BF800305FFA88F6B342EED8BAF1A2
:10648000000F7FF426AF4FF0010A002C7FF421AFFC
:106490000024A046EDE7F07AFEF7EAFD742110B97A
:1064A000337BD807E1D52646E0E7F369E2699B1A1A
:1064B000002BF8DADAE74FF0000A7421E8E72B7ACC
:1064C0006BB1237B43F0040323732B7FAA691F2145
:1064D00004F12A00FEF7A3FD84F82800E1E62B7FF3
:1064E000002B3FF4DEAE227B52073FF5DAAEEDE73C
:1064F0002DE9F84F90461F464FF00009314B324AC4
:106500008A4605464E46742110781C685FFA89FB5E
:10651000584501D956450ED3AE4600224FF07408B7
:1065200005F1010B02F1010C5FFA8CF3B34223D3A6
:106530003046BDE8F88FB8F1020F01FB0B440FD0D5
:10654000B8F1030F10D0B8F1010F10D1E07AFEF7C7
:106550008FFD1C4B1C4A742148B909F10109D3E78E
:10656000207B00F00100F7E7207B8007F5D5701C49
:1065700005F806B0C6B2F0E71EF8019F08FB094116
:1065800015F802A0012F08FB0A4307D0022F0BD0F9
:1065900091F9080093F90830984203E0C869DB6973
:1065A000C01A002805DC08E088699B69C01A002829
:1065B00003DA0BF802A0013AE2D22A4482F80190F1
:1065C0006246AFE73896002034960020828A032A7C
:1065D0000AD9D0E90803013A181AB0FBF2F0B0F575
:1065E000803F03D280B27047002070474FF6FF70A3
:1065F000704700002DE9F843054600B30026114F0F
:10660000DFF8448034464FF074093B78F2B293428D
:1066100002D82046BDE8F883D8F8003009FB0233E1
:106620001A7BD20703D5022D03D10134E4B201361F
:10663000EBE7D87AFEF71CFD0028F6D1F7E7044611
:10664000E7E700BF349600203896002010B50446D6
:10665000FFF7A4FD034B1B681BB12046BDE81040AB
:10666000184710BD64970020F8B51C460E46174623
:10667000054602F0B1FD204A012F14BF0323042375
:10668000C2F8103540F20123C2F8503644F00074CD
:106690001A4B18BF4FF48473C2F8143544F44034D5
:1066A000174BC2F81845C2F81C358E23C2F82435A2
:1066B00001210023C2F82C35C2F8301540F2031135
:1066C000C2F8341540F25B61C2F838150D49C2F8C2
:1066D0003C1545F040050C49C2F85455C2F8086510
:1066E000C2F804151121C2F80012C2F80C31C2F828
:1066F0000031C2F80431F8BD00100040080100016B
:1067000000D6BE89555555003C960020034B0448E1
:1067100000211C22196004F0C6BA00BF689700204F
:106720004897002008B5FFF7F1FF024B00221A60DE
:1067300008BD00BF64970020014B1860704700BF80
:10674000649700202DE9F04F0228A5B08ABF0323EB
:106750000124B0FBF3F402F053FD4FF47A7363436A
:1067600002938D4B03938D4B09938D4E002304931D
:10677000039B13F8012B0393099B059213F8012B3C
:1067800006920993DDE9050140230022FFF76CFF23
:106790000023C6F8003101237360824BD6F8002134
:1067A000002A46D00023C6F80031FEF795F90124EF
:1067B00001904FF0000AFEF78FF9019BC01A029B6F
:1067C00098420CD224B9764B0122C3F80C419A604E
:1067D000FEF782F9019BC01A029B98423BD3FEF759
:1067E0007BF9019B029AC31A934228BF1346534573
:1067F00000F2C58100236C496C4D0A684FF47A742D
:1068000013442A68B3FBF4F004FB10330B6002441A
:10681000634B2A600022C3F8102101221A61614AE9
:10682000D3F81011002900F0AD810022C3F8102127
:1068300001E0013BB2D1039B5D4A934298D1584B92
:106840000022C3F80022C3F8042502F03BFD04989F
:1068500025B0BDE8F08FD6F80C31002BB8D0FEF78C
:106860003BF90021C6F80C11D6F800B4BBF1010FBA
:10687000814603D00024FDF727FE9CE74A4B019A8E
:106880001B689B1AA3EB0A0303444FF47A72B3FB11
:10689000F2F3464A126813440893049B454A0133B5
:1068A0009BB20493136801331360D6F84875FEF762
:1068B000F1F8414B079093F800805D7807F07F076F
:1068C0002022002113A804F0EEF908F00F04079B22
:1068D00017937F42089B18937FB2072C364B8DF895
:1068E0005140C8F380188DF8587040F007811BAAFA
:1068F0002946981CFEF7ACFC0028BBD02F4B9DF816
:1069000078401A688DF853B001321A601C9A1392BD
:10691000002A14BF424602228DF850209DF87520AF
:106920008DF85220229A19929DF88C208DF86820BB
:10693000CCB19DF87A209DF879108DF855B0DDF82E
:1069400080B05A758DF857201975C3F818B08DF8B6
:106950005610FEF7C1F89DF87A20184B012A06D987
:106960001A6901321A6113A8FFF770FE82E79DF8D9
:106970007920242A0BD8209A42F6E0618A4206D870
:106980000A35ABEBC5054D44281A952818DCDA68A2
:106990000132DA60E7E700BFD0E60200D3E602008A
:1069A00000100040400D0300409700204497002055
:1069B000D3E60200689700203C960020489700200C
:1069C00000211C220CA804F06EF91C99002914BFA8
:1069D000012300238DF8303004D006220DF1310060
:1069E00004F0A0F99DF875308DF838309DF87930B5
:1069F0008DF839309DF87A308DF83A30BDF87C301A
:106A0000ADF83C30079B1193089B109512938DF8BD
:106A100037808DF83E70FEF75FF88A4A9DF839504E
:106A200053680790013328465360FEF781FC9DF8B8
:106A30003A200146FF232846FFF716FEFEF74CF8E2
:106A4000109BC3F16403C342F8D47F4F01237B60E2
:106A5000109DBDF83C303C351D44FEF73DF8401B11
:106A600000285FDB0227002502F0B6FB2022002170
:106A700013A804F018F907238DF8513001238DF87D
:106A800053308DF855309DF839308DF856309DF8DB
:106A90003A309DF83E208DF857309DF838308DF80B
:106AA00058208DF85230119A9DF830301792129A72
:106AB0001892002B5AD00DF131039DF837701393C3
:106AC00013A88DF85070FFF7C1FD40230022DDE9C7
:106AD0000501FFF7C9FD5C4A012353605B4BD2F807
:106AE0000011002948D00023C2F80031FDF7F4FF5F
:106AF000079BAAEB030300EB030ABCE6063DEDB2DD
:106B00001F2D3FF6B7AE24B15423E340DB077FF5DA
:106B1000B1AE4F4B139306338DF8508019938DF817
:106B2000685020E7D7F80431002B96D0FDF7D4FF4A
:106B3000DFF8149100F6980502E0D9F80C312BBB70
:106B4000FDF7CAFF401B0028F7DB8BE79DF83050AC
:106B50003DB10DF13103139302279DF837300D46F7
:106B60006AE002231F4667E002277DE715B10AAB02
:106B70001393A5E70227A3E7013BB0D1B6E7A3EB48
:106B80000A0338E6013A7FF44BAE54E6D9F800B474
:106B9000BBF1010F7FF466AF2E4F97F8008008F02D
:106BA0000F08B8F1070F7FF45DAF79781BAAB81C06
:106BB000FEF74EFB05460028D6D0224A93680133E3
:106BC0009360254A1368013313600021202213A823
:106BD00004F069F88DF851808DF854B0D9F8483533
:106BE0001C998DF855B003F07F035B428DF8583047
:106BF000119B1793129B18939DF839308DF85630DE
:106C00009DF83A308DF857309DF838308DF8523075
:106C1000229B19939DF88C308DF86830002995D00F
:106C20000DF128080622404604F07CF83F78CDF8A4
:106C30004C80C7F380173B4613A88DF85030FFF700
:106C400005FD11E74897002000100040400D0300AB
:106C50003E9600203C96002068970020014B186863
:106C6000704700BF68970020004870474897002091
:106C700030B54A780B7802F07F0503F00F030A2441
:106C800005FB043303EB83035B001206427858BF15
:106C90005B42438042F0010343708B78642103F030
:106CA0007F0313FB01F342F003028380427030BD87
:106CB0002DE9F047144688B005460F460A22002108
:106CC00020460DF10F0803F0EEFFCDF8008005AB74
:106CD0004FF6D24239462846FEF760F900287DD0AB
:106CE0009DF80F60002E79D0059803785A09022A82
:106CF00074D10122DD0722706DD51023637001204D
:106D000008B0BDE8F087452A4CD0572A4FD02E2A2C
:106D100057D0CAB29642F2D9531C825C602ADBB2C9
:106D2000EDD8B95C0029EAD0FF2904D19E42E6D90A
:106D3000C15C0131C9B21944B142E0DC0C2AE2D88D
:106D4000002AE6D0013A0B2AE3D80FF2080C5CF8CF
:106D500022F000BF856D0200996D0200B76D020040
:106D6000136D0200136D0200136D0200136D02001B
:106D7000136D0200136D0200136D0200136D02000B
:106D8000CB6D0200C35C642B28BF6423A3716378BE
:106D900043F004036370BCE7C35A6380637843F035
:106DA0000103F7E7C35E03EB83035B00F5E7C3561C
:106DB00013FB05F3F1E7C35AA380637843F00203A2
:106DC000E8E7C35C13FB05F3F6E7C35A2381637856
:106DD00043F00803DEE7A94F64259BE7CDF8008068
:106DE00005AB41F61A0239462846FEF7D7F80028C7
:106DF00049D09DF80F30059A083B072B43D8DFE8B0
:106E000003F03E42423E4204422602232370D388CE
:106E1000DBBA03EB83035B006380637843F001011B
:106E20006170117A642011FB00F1A18043F003012D
:106E30006170517A814228BF0146A17143F0070178
:106E40006170528952BA228143F00F0356E703233F
:106E50002370D3886380637843F0010161701189E6
:106E6000A18043F0030161705189218143F00B013E
:106E70006170127B642A28BF6422A271E4E741F2A8
:106E8000030323803BE7CDF8008005AB4FF6956206
:106E900039462846FEF782F8002878D09DF80F6022
:106EA000042E74D9059A118811F0100F14BF0B230A
:106EB0000523880608D59E4269D9D05C10F0200FC2
:106EC0000CBF012003200344480660D50420207035
:106ED00008073FF512AF41F2040541F2060741F2FF
:106EE0000A0C41F20D0E4FF00A08991C8E427FF7F2
:106EF00006AFD118D05A8978033303EB010AB245A3
:106F000002EB03093FF7FBAEA8420ED1012908D9D5
:106F1000D05E00EB800040006080607840F00100AF
:106F2000607051FA83F3DBB2DFE7B84209D101297F
:106F3000F7D9D05A08FB00F0A080607840F002003A
:106F4000EEE760450AD10029EBD0D05C642828BF69
:106F50006420A071607840F00400E1E77045E0D162
:106F60000329DED9D05E00EB8000400060806078AD
:106F700040F0010A84F801A0B9F802904FF00A0A23
:106F80000AFB09F9A4F8049040F00300C8E704AE36
:106F9000009606AB4FF63D5239462846FDF7FEFFF8
:106FA00070BB009606AB4FF4506239462846FDF799
:106FB000F5FF28BB0DF11106009606AB09223946F4
:106FC0002846FDF7D3FF00285AD1009606AB0822C9
:106FD00039462846FDF7CAFF002851D1CDF8008078
:106FE00005AB07AA39462846FDF7FDFF002840F00B
:106FF00082800A220021204603F055FE00207FE611
:107000009DF81020022AD5D906990B7803F07F034A
:10701000542B03D0692B01D0772BCBD108232370BD
:107020008B7803F07F03642B28BF6423A3716378FC
:10703000052A43F00403637004D903312046FFF7A7
:1070400017FE5CE60DF1110300930DF1120207AB80
:1070500039462846FDF7C7FF00283FF450AEBDF87B
:10706000122040F669139A427FF449AE9DF8113020
:107070000A2B7FF644AE07990831DFE7FCE60200F1
:107080009DF81160032EA9D162490698324603F09B
:10709000E1FD40BB0DF112030093FF2207AB39461F
:1070A0002846FDF763FF002898D09DF81230092B81
:1070B00094D1079A61780698072323701388638018
:1070C00041F0010363700078732801BF5388A380E7
:1070D00041F003036370D279642A28BF6422A2714D
:1070E00043F004030AE64C490698324603F0B2FD29
:1070F0000028CFD072E7BDF81C304EF6884293428C
:107100004AD19DF80F300598062B2CD18178437811
:10711000090241EA0341C3781943C1F316034FF44E
:107120007A75B3FBF5F212B202EB82025200090249
:10713000B3FBF5F105FB113348BF52421BB262802D
:1071400003EB830362785B00A38042F00303637068
:107150000379642B28BF642342F00702A371627095
:1071600005232370CBE5072B7FF443AFB0F8013044
:107170006380637843F001026270B0F80320A2805C
:1071800043F0030262704279642A28BF642243F00C
:107190000703A2716370E3E740F2994293427FF4E0
:1071A00028AF9DF80F300E2B7FF623AF059A13788A
:1071B000052B7FF41EAF06232370B2F80130DBBA33
:1071C00013F5004F07D003EBD3735B106380637834
:1071D00043F001036370B2F803304FF6FF718B4246
:1071E00007D05BBAC3F38D03A380637843F0020337
:1071F0006370B2F80D305BBAC3F34A1340F2FF720A
:1072000093423FF47CAD03F5C8632381637843F078
:10721000080373E50DD3020011D3020008289ABFBA
:10722000024B53F820000248704700BFD8E6020026
:1072300047CD020010B50022D3B2CC5C34B1C35CA0
:10724000A34202F10102F7D0002010BD1846FCE76E
:107250002DE9F0410E461446054618B90027384678
:10726000BDE8F081002AF9D00429F7D91E4910465B
:10727000FFF7E0FF70BB1D492046FFF7DBFF60BB57
:107280001B492046FFF7D6FF50BB1A492046FFF79F
:10729000D1FF002814BF4FF003084FF0000804444A
:1072A000204603F04DFDC2B2402A28BF4022571DA0
:1072B000FFB2BE42D2D3D1232B7001236B70D318FF
:1072C000AB705523EB7085F804802146681D03F0F0
:1072D00029FDC4E74FF00208E1E74FF00108DEE7BF
:1072E0004FF00408DBE700BF2CD3020039D30200C3
:1072F00045D302004ED30200F8B50F4616460446A9
:1073000010B900252846F8BD002AFAD00629F8D978
:10731000104603F015FDC2B2402A28BF4022D51DF9
:10732000EDB2AF42EDD3D123237001236370D31CA0
:10733000A3705423E37002232371652363716E23CA
:10734000A3713146E01D03F0EDFCDBE710B50C4600
:10735000FDF7A0FB022C0CD0032C12D0012C07D17E
:107360000A4B1A689C7301321A609860084B1860C7
:1073700010BD064B00229A73054A1268801A988144
:10738000F6E7024A536801335360F1E77097002033
:107390006C9700200020704708B50368022B02D0CC
:1073A000042B0FD008BD4FF0804301221A60D3F8A0
:1073B0000021002AFBD00020C3F80001BDE80840EE
:1073C000F2F766BA0820F2F763FA4FF08043012221
:1073D0005A60E7E710B5084C23785BB103F054FF1F
:1073E00003F076FF4FF0804301225A60034A0023E6
:1073F0002370937310BD00BF889700207097002002
:10740000F8B51E46431E012B04460F46154605D906
:10741000FFF7E0FFB4FA84F04009F8BDFFF7DAFFA8
:10742000022C16D1354B3648002D08BF1D46012FC2
:107430002A464FF040013DD1FFF75EFF314D2870E5
:1074400038B9012F39D12D4A2D484021FFF754FF7B
:1074500028704FF080512C4A0B6EA6B3496E4B40FA
:1074600052F80E1B4B40002183EA433383EA534317
:10747000013183EA4313C9B2180E072902F8010F3C
:10748000F2D12248002103F017FE88B920490722D3
:10749000012003F043FE022C29D11A4B197831B395
:1074A000174803F043FE03F0D5FE18B303F010FFB6
:1074B0000020B2E7FFF7CCFEC0E7164A1048402193
:1074C000FFF7C6FEC4E71B0ED3730B6E1B0C1374C1
:1074D0000B6E1B0A53740B6E93744B6E1B0ED3749E
:1074E0004B6E1B0C13754B6E1B0A5375C9E70021BD
:1074F0000846D6E7084B01201C708EE747CD0200F6
:107500008A97002089970020709700204D73020011
:107510007F97002056D302008897002030B504469C
:1075200030B1044D0FCD0FC495E8030084E803008B
:1075300030BD00BF70970020034B0022C3E900223A
:107540009A819A60704700BF70970020024B1878AC
:10755000003818BF0120704788970020002201469C
:10756000104641FA02F303F0010301320344082AF2
:10757000D8B2F6D1704720B14FF49062002103F0E9
:1075800092BB70472DE9F043C0B3B9B3B2B3ABB30C
:1075900000F5A876541E03F1FF3E013900F15408AE
:1075A0000246B44614F8017F1EF8015F11F8019FEE
:1075B000ED1B5CF8047FADB24F445A2DCCF800703F
:1075C000DCF8507128BF5A25BD4288BFCCF8505115
:1075D0000D7845B13F2D01D8257825B115786D007E
:1075E00045F00105157001324245DBD190F850118C
:1075F0000131C9B2032903D880F85011BDE8F083E6
:10760000002480F8504103F1540564274FF0FF0C2B
:1076100040F2F95E56F8041F3460C1F387017943E4
:10762000714596F85081B1FBFCF9C6F8504102D87B
:10763000B8F1070F10D91178E1B95FFA89F111702B
:1076400092F85410414592F8A81038BF82F854803F
:1076500011B9197882F8A81001339D4202F1010294
:10766000D8D1431E533013F8012F520098421A709C
:10767000F9D1C3E74944C1F34701E0E770B50446D7
:1076800060B1451E00F15306002415F8010FFFF705
:1076900065FF08B10134A4B2B542F6D1204670BDF1
:1076A0002DE9F74F0446002800F00A810026431E0A
:1076B00080F82464009394F82494B9F1050F00F243
:1076C0009280A05DFFF74AFF0128824640F2868043
:1076D00004EB060898F854301BB998F8A830072B2B
:1076E0007CD93746002F56D0009BD85DFFF736FF78
:1076F0007B1E00284DD1FBB2B346BBF1530F0AD01D
:1077000018F8010F0193FFF729FF0BF10105019B09
:10771000EDB2002841D15A1C07F1A800D2B2204492
:107720001D4604EB050E5A459EF8A8C037D9E2194C
:1077300092F8A820624505D19D4204BF0BEB0705D6
:10774000C5F34705204604EBC90806F5166C40450D
:1077500036D109F1010905F5166284F82494A8F8D8
:10776000F4236219C3F1010392F8A80088F8F60324
:1077700092F8549088F8F9A3484663285B4428BFE0
:10778000632088F8F83388F8F703924613462E46AC
:107790002EE01F46A6E73B46AEE7AB46ADE710F846
:1077A000018FE0450AD806D110F854CC9EF854E079
:1077B000F44588BF15460132D2B2B2E71546FAE762
:1077C000024690F8F8E3B2F8F423A2EB0C02002A88
:1077D000B8BF5242964500F10800B8DD0136F6B256
:1077E000542E7FF468AF234601255FE0013EF6B2D8
:1077F0003EB113F8010D0193FFF7B0FE019B002885
:10780000F4D1522D04D81AF8010FFFF7A7FE00BBE0
:107810002046FFF733FFC6F101062E440928F6B2D1
:1078200002D9B9F1270F25D9B9F1540F14D9012E76
:107830008CBF002301239B0088F8FA334FF000032C
:1078400088F8FB3394F8253403B3002304F2264070
:1078500018E00135EDB2D4E7B9F1450F04D9022E95
:107860008CBF01230423E7E7B9F11E0F34BF0323C4
:107870000423E1E70223DFE7C25D0137072A88BF5F
:1078800043F00103FAB25A45F6D90BB15E46A5E7BB
:10789000012388F8FB33F9E703F57D71EAB2009123
:1078A00094F8241491420ED80135083394F8242416
:1078B000AA42F1DC2046FFF7E1FEC0B2A4F87A0448
:1078C00003B0BDE8F08F04EBC20E93F8F6739EF898
:1078D000F60393F8F7C39EF8F7E3D100019100EBAC
:1078E000800007EB870101EB810100EB80000CEBCE
:1078F00081010EEB800089B280B2814221D204EB7B
:10790000C200D0E9FD01009EB3F8F4B393F8F8A3E8
:1079100093F8F99393F8FA8393F8FBE386E803006E
:10792000D10001F57D76A11924F806B08F7081F899
:1079300003C081F804A081F8059081F8068081F8E1
:1079400007E00132D2B2ABE708B190F824047047E7
:1079500048B190F824348B4204D900EBC10000F503
:107960007D7070470020704710B5A8B1012380F8E2
:10797000253400F1A70200F1530313F8011F83F827
:10798000D2139342F9D1002390F824141C4600F23C
:10799000FB30DAB2914200D810BD00F83340013319
:1079A000F7E7000004289ABF024B53F82000024872
:1079B000704700BF60E702002CD40200DDE900013F
:1079C000CAB1C8B1527B9B1A632B1A46A8BF632267
:1079D00022EAE272027019B11D2B03DD074B0B6026
:1079E00001207047132B01DD054BF8E7092BCCBFB5
:1079F000044B054BF3E71046704700BF5BD3020012
:107A00006CD302007FD302003ABC020010F0800F5A
:107A100018BF80384FF07F034FF064020BBF181A75
:107A200010FB02F010FB02F0B0FBF3F014BF404279
:107A3000B0FBF3F000B240B27047A0F500736420D1
:107A4000584348BF00F2FF1040F34720704710F042
:107A5000800F18BF80384FF0640214BF10FB02F093
:107A6000C0F17F004FF07F030DBF10FB02F0B0FBB1
:107A7000F3F04042B0FBF3F040B27047014B0360BB
:107A80000820704774E70200C3B2072B9DBF0001B6
:107A9000014B1858014870477CE702002CD40200C3
:107AA000C3B2072B9DBF034B03EB0013D87A002012
:107AB000704700BF7CE70200F0B50346002832D0D3
:107AC000012930D9057815B94078052817D0174C09
:107AD0000020C2B2023A062A12D8DFE802F00411EE
:107AE00004112121240002291AD06D2D18D15A78B1
:107AF0006A2A15D19E78E278964211D140B2F0BD43
:107B00005E1E2746002216F801EF17F801CFE64562
:107B100006D10132D2B29142F0D0052AF3D1EDE77D
:107B200001301034D5E74FF0FF30E8E77FE702007F
:107B300071B16AB120B90B780F2B98BF062070473E
:107B4000431C05D1082A03D10B78DD2B08BF072081
:107B50007047C3B2072B10B564D8002962D0002A41
:107B600062D00138062805D8DFE800F0101E341E68
:107B7000374D500000231846CC5C0D2B0444E0B276
:107B800003D00133DCB2A242F6D810BD0023184660
:107B9000CC5C082B80EA040003D00133DCB2A242A3
:107BA000F6D85530C0B2F0E700231846CC5C0E2B57
:107BB0000444E0B2E9D00133DCB2A242F6D8E4E7F3
:107BC000CC5C01330444132BE0B2DED0DCB2A24221
:107BD000F6D8DAE709230020F8E700231846CC5C42
:107BE0000E2B80EA0400D0D00133DCB2A242F6D8DA
:107BF000CBE7CC5C013304440E2BE0B2C5D0DCB241
:107C0000A242F6D8C1E701230020F8E70023184676
:107C1000CC5C062B0444E0B2B7D00133DCB2A24204
:107C2000F6D8B2E70020B0E71046AEE7F8B51C463C
:107C3000C3B2072B06460D4601D90020F8BD002926
:107C4000FBD0002CF9D0994B03EB0013DB7A934265
:107C5000F3D10B4413F8017CFFF77BFF8742ECD193
:107C600006220021204603F01EF8013EFF23637127
:107C7000062E08D8DFE816F05C00A300D5001C0132
:107C80005101A201EE01EB79A9792A7AAE7A28791D
:107C90001B0203F4407319436B7A1B0203F4407315
:107CA0001A43EB7A1B0203F440731E436B791B02E9
:107CB00003F440731843FFF7C0FEE0700846FFF777
:107CC000BCFEC2EB022240F2FF33A070B2FBF3F223
:107CD00030462270FFF7B1FE6070AB78D80742BF24
:107CE000237943F002032371AB78990742BF2379CC
:107CF00043F004032371AB781A0742BF237943F0A2
:107D000001032371AB78DB0642BF237943F00803FC
:107D10002371AB789F0642BF237943F01003237190
:107D20006B78FA2B49D0237943F02003237144E088
:107D30002B7823706878FFF78AFEA07095F90220EF
:107D4000AB78002AA8BFC3F17F034FF06401B6BF30
:107D5000803B13FB01F313FB01F34FF07F02A6BF3F
:107D6000B3FBF2F35B42B3FBF2F35BB26370E87810
:107D7000FFF76DFEE070AB795E0642BF237943F0FA
:107D80000103237195F90730002BBEBF237943F01F
:107D9000040323712B79580642BF237943F008036B
:107DA000237195F90430002BBEBF237943F01003F3
:107DB000237195F90530002BB5DB01203EE72B78C8
:107DC00023706878FFF743FEA07095F90220AB7826
:107DD000002AA8BFC3F17F034FF06401B6BF803B08
:107DE00013FB01F313FB01F34FF07F02A6BFB3FBBC
:107DF000F2F35B42B3FBF2F35BB26370E878FFF738
:107E000026FEE070AB79590642BF237943F00103A7
:107E1000237195F90730002BCFDA237943F004035F
:107E200084E76B7A2370AB7A6FF06302C3F17F0350
:107E30009342B8BF1346642BA8BF64236370EB7AE8
:107E40007F3B9342B8BF1346642BA8BF6423A37043
:107E50002B7BC3F17F039342B8BF1346642BA8BFAB
:107E60006423E3706B7CDA0742BF237943F001039C
:107E700023716B7C9B0742BF237943F0200323715E
:107E80006B7CDF0642BF237943F0040323716B7CD4
:107E90009E0642BF237943F0020323716B7C13F0EB
:107EA000080F8AD0237943F040033FE77CE70200C4
:107EB0002B7823706878FFF7A9FD6070A878FFF72A
:107EC000A5FDA070E878FFF7A1FDE070AB7BD807B7
:107ED00042BF237943F001032371AB7AD90742BF34
:107EE000237943F004032371AB7A9A0742BF2379C5
:107EF00043F002032371AB7B1B0742BF237943F09E
:107F000010032371AB7BDF0642BF237943F00803E4
:107F10002371AB7B13F0200FC3E72B78AA2B7FF4E0
:107F20008CAEB5F80330B3F5FA6F28BF4FF4FA639F
:107F3000B3F57A7F38BF4FF47A731846B5F8053039
:107F4000B3F5FA6F28BF4FF4FA63B3F57A7F38BF01
:107F50004FF47A731A46B5F80730B3F5FA6F28BFB5
:107F60004FF4FA63B3F57A7F38BF4FF47A7319464A
:107F7000B5F80130B3F5FA6F28BF4FF4FA63B3F5E3
:107F80007A7F38BF4FF47A730525A3F2DC5393FB55
:107F9000F5F3E370A0F2DC5393FBF5F3A370A2F5C5
:107FA0007A73C3EB03234FF47A72B3FBF2F32370BB
:107FB000A1F2DC5393FBF5F36370FEE6B5F80530F0
:107FC000B3F57A7F28BF4FF47A731946B5F80730B6
:107FD000B3F57A7F28BF4FF47A731A46B5F80930A3
:107FE000B3F57A7F28BF4FF47A731846B5F803309B
:107FF000B3F57A7F28BF4FF47A734FF47A76C3EBE8
:108000000323B3FBF6F32370A1F5FA73052193FB69
:10801000F1F36370A2F5FA7393FBF1F3A370A0F58B
:10802000FA7393FBF1F3E370AB785E0742BF2379F9
:1080300043F001032371AB78180742BF237943F063
:1080400004032371AB78D9067FF5B7AE237943F0EB
:1080500002036BE66B782370AB786421803B7F2250
:108060004B4393FBF2F36370EB78803B4B4393FB02
:10807000F2F3A3702B79803B4B4393FBF2F3E37055
:108080006B79DA0742BF237943F0010323716B79DF
:108090009B077FF592AEC0E6F8B5061E0D46174663
:1080A0001C4601DA0020F8BD0029FBD0002BF9D0D6
:1080B0000D220021184602F0F6FDF6B90D2FF1D978
:1080C0002B785F33DBB2032BECD80522691C2046EA
:1080D00002F028FEAB796371EB79A3712B7AE3711F
:1080E0006B7A237204236372032205F10A0104F1FF
:1080F0000A0002F017FE0120D5E7012ED2D1092F88
:10810000D0D90C4A6B1E043513F8010F12F8011D6B
:108110008842C7D19D42F7D1AF232370AB23637050
:10812000AC23A370AD23E370A223237100236372F9
:10813000E1E700BF95E7020038B50D46044678B187
:108140002C22002102F0AFFD142D204628BF14255B
:1081500000F8015B1422BDE83840FF2102F0A3BD06
:1081600038BD30B560B159B104784CB1431C94426C
:1081700094BF0D198D18A94203D1438D0133438556
:1081800030BD0A781C78944288BF1A701C7D11F8A3
:10819000012B944238BF1A750133ECE770B550B12A
:1081A000438D022B14D9002304780146012518467B
:1081B000DAB2944200D870BD4A7D11F8016F921B6B
:1081C000D2B20B2A84BF05FA03F210430133EFE762
:1081D0000020F0E740B103788B4205D9084443788A
:1081E000427D981840087047802070470128034658
:1081F00038BF01238A4213B5144628BF0C46C4B1C8
:108200008A4216D207280FD958084B43091B00FB96
:108210001133B3FBF4F3802B28BF8023DBB2C0B251
:1082200040EA032002B010BD042B184628BF0420EA
:10823000EBE71846F3E710B5CC4304F0070401233D
:10824000C908A340DBB2445C12B11C43445410BDC6
:1082500024EA0304FAE7F0B50022044641F22106BD
:108260004FF6FF7093B2994200D8F0BDDB08D543BA
:10827000E35C05F007052B41C70B03F00103400049
:1082800080B2BB4218BF70400132EBE770B50022EC
:10829000044641F221054FF6FF7093B2994200D88F
:1082A00070BDDB0806B2E35CD04300F00700034179
:1082B00003F0010343EA46031BB2002EB8BF6B4034
:1082C00098B20132E9E72DE9F04F87B0CDE90232EB
:1082D000109D064689460424A31C994544DD335D60
:1082E000832B4FEA930A3FD84FEACA0101F12003DA
:1082F00004EBD303994537DB6FF0070303FB0AF365
:108300000A3B06EB04080931002704934FF0010BE8
:10831000012F40462ED8FFF79EFF0190002307F063
:1083200001001A46059001EB030C0498CCF3CC0C29
:10833000A0EB030E18F80CC00EF0070E4CFA0EFC62
:108340001CF0010F07D00598B8B10BFA03FC42EA04
:108350000C0C1FFA8CF20133102BE4D1019B9A42D2
:1083600010D00137042FD3D1013CB5D1204607B03E
:10837000BDE8F08FFFF78AFFCFE7C3F10F0C0BFAD0
:108380000CFCE4E75DB32B220021284602F08BFCB5
:108390000134039B2B70E4B2721E012312F8011FFB
:1083A000E9540133D9B28C42F8D86C7185F806A033
:1083B00098F8003003F00303EB71335D2C46DB09C2
:1083C00004F8083F00226FF0070B4FF00109D3B209
:1083D0009A4506D8029B85F8293085F82A70012035
:1083E000C5E7D10089B20BFB02F0002309311E461C
:1083F00001910A38019901EB030CCCF3CC0CA0EBF2
:10840000030E18F80CC00EF0070E4CFA0EFC1CF010
:10841000010F07D0029961B109FA03FC46EA0C0C7E
:108420005FFA8CF60133082BE4D104F8016F0132B6
:10843000CDE7C3F1070C09FA0CFCEFE72DE9F74F84
:108440005579AB1E032B0646144600F287809379BC
:10845000202B00F283801D440335EDB2A9427DD369
:108460002A46002102F01FFC012362799A4240D87B
:10847000531EE279A17902F0030242EA8102F2542A
:10848000F718237A1BB17B7863F07F037B70A679A2
:10849000F60009364FF000094FF0010BA2795FFAA0
:1084A00089F39A422CD894F82A90B9F1010F3146F9
:1084B00038464BD8FFF7CFFE804609F0010900246B
:1084C0004FF0010AB9F1000F43D00AFA04F208EAAA
:1084D0000202003A06EB040118BF012289B23846B5
:1084E0000134FFF7A8FE102CECD1284603B0BDE8FC
:1084F000F08FF218E15C02F8011C0133DBB2B4E743
:108500004FEAC30A0AF1090A4FF00008234494F81D
:1085100029105A7AA9B10BFA08F10A40003A0AEB7D
:10852000080118BF012289B2384608F101080193F9
:10853000FFF781FEB8F1080F019BE8D109F10109AD
:10854000ACE7C8F107010BFA01F1E6E7FFF79EFE81
:10855000B2E7C4F10F020AFA02F2B8E70025C4E755
:1085600008B548220448002102F09DFB034A00237D
:108570001370034A136008BDFA970020F897002093
:10858000F4970020FFF7ECBF2DE9F04F814285B052
:10859000CDE90012054604D2894B187805B0BDE834
:1085A000F08F00F02DFE874CA5F51663642B0DD9D6
:1085B000009B0135ADB2AB42F6D2824B0022C3F82C
:1085C0000022C3F8042500F07DFEE5E74FF0020A23
:1085D000574600F001FEBA1E53425341C4F810350D
:1085E00040F20123C4F85036774ADFF8E8B100239F
:1085F000C4F81435C4F818254FF0AA42C4F81C2555
:10860000AA22C4F82425A5F160020121D2B2C4F83F
:108610003015C4F83435C4F808251122C4F804B55F
:10862000C4F80022C4F80C31C4F80031674B616013
:10863000D4F80021002A58D00026C4F80061FCF7C5
:108640004BFA019A4FF47A78022F08FB02F8814620
:108650004FF001014FF07F0214BF04230223B8FB47
:10866000F3F8CDE90212FCF737FAA0EB0900404518
:10867000DDE902120CD219B90123C4F80C11A36070
:108680000292FCF729FAA0EB09004045029A34D384
:108690000023C4F81031012323614C4BD4F810118E
:1086A000002950D00023C4F81031B3B2002B5FD0A2
:1086B000DFF80CC1DFF824E19CF8006000210620FF
:1086C0005FFA81F8464541D80C2E414955D0704398
:1086D00001EB000E01360D52AEF802308EF8042088
:1086E0008EF805708CF8006042E0013BA0D10127B4
:1086F000BA453FF45DAFBA466BE7D4F80C31002BB6
:10870000BED034490023C4F80C3191F800C058465B
:10871000012110F801EF0131E64518BF013310299E
:10872000F7D1022B4FF000019BDD264B2A48D3F8EE
:10873000483503F07F039A4228BF1A460368013385
:10874000036001368DE7013BA8D1AEE701FB0009CC
:1087500001F101083EF80990A9450CD11C4E00FB1F
:108760000161488803444B800B79934200D90A7118
:10877000FBF7AAFEBBE74146A2E78C4601264FF075
:10878000000E4FF0060909FB0E18BCF808B0B8F847
:108790000280C34570463CBF5FFA86FE3046013614
:1087A0000C2E0CF1060CEED1062670430E18B6F80E
:1087B00002C09C453FBF0D52738032717771D7E77D
:1087C000F89700200010004020200101400D030018
:1087D000FA970020CA970020F4970020F497002011
:1087E000014B1878704700BFF8970020044B1B78A6
:1087F000834283BF034B062202FB003000207047F8
:10880000F8970020FA970020014B1868704700BFC6
:10881000F4970020044B186820B14FF4AA6200219D
:1088200002F041BA704700BFA0980020B1F5AA6FCE
:1088300008B505D3034B1860FFF7ECFF012008BD16
:108840000020FCE7A09800202DE9F04FDFF8DCA124
:1088500087B0DAF800600293BDF840309DF84470AC
:10886000039305468B46002E00F0B080032940F2AA
:10887000AD80047800230120295C0130A14208BFAB
:108880000133C1B208BFDBB28B45F5D8ABF10201B1
:108890008B4280F29B8096F84495D6F848355C244C
:1088A00004FB09F404F1F4080133B044C6F8483578
:1088B00059469DF84C30CDF800802846FFF703FD5F
:1088C000002800F08380DAF80020D2F84C3501331C
:1088D000C2F84C355A46282A06EB040B28BF28223A
:1088E00004F21F1029468BF84721304402F01AFA8F
:1088F000029B8BF84931039BDAF80050ABF84A3100
:10890000129B8BF84871CBF84C3195F844350C220A
:108910000133B3FBF2F102FB113385F8443595F8CE
:1089200045350B2B98BF01334FF05C0298BF85F89B
:10893000453502FB096200239A46049295F8F040FF
:108940005FFA83FB5C454FF0140223D80B2C4ED802
:10895000631C85F8F03002FB04545C2505FB0965B7
:108960000021204602F09FF995F8F9204146204663
:1089700002F0D8F995F8F93063710123A381029BC5
:10898000A371002F039B238108BF6427129BA7724A
:1089900023611BE002FB0B54049A92F8F9106279F0
:1089A0008A4216D141462046059302F053F9059BB1
:1089B00078B9A3890133A381029BA371039B23810F
:1089C000129B2361A37ABB4200D9A77207B0BDE80E
:1089D000F08F142202FB0B551448A989056802FB8D
:1089E0000A52013392898A4288BFDA46A6E702FB1F
:1089F0000A55AB89032BE9D85C2303FB0966414682
:108A000096F8F920284602F08DF996F8F9306B7146
:108A10000123AB81029BAB71002F039B2B8108BF0D
:108A20006427129BAF722B61D0E700BFA098002093
:108A3000064A0346106840B190F8F0209A4203D9E4
:108A4000142202FB0300704700207047A09800200A
:108A50002DE9F047184B1B6802465BB393F8F00012
:108A6000884228BF08460021CCB2A04207D815464C
:108A700001211427CCB2A04204D8BDE8F087545499
:108A80000131F1E715F801CF0C462E4607FB0C3AF1
:108A900016F801EC07FB0E38B8F80C90BAF80C8009
:108AA000C14503D2013C06F801E9F1D102F804C046
:108AB0000131DFE71846E0E7A098002010B50F4B22
:108AC00001461868B0B190F845358B4213D990F83B
:108AD00044350C220B33B3FBF2F402FB1433134482
:108AE0005B1A93FBF2F102FB1133DBB25C2202FB57
:108AF0000300F43010BD0020FCE700BFA098002068
:108B0000024B186808B190F845057047A0980020FE
:108B100010B5054A147824B118B104495C2202F05A
:108B200001F9204610BD00BF429800204498002063
:108B300008B5014630B15C22034802F0F3F8034B5C
:108B400001221A7008BD00BF4498002042980020FE
:108B5000024B186808B1D0F848057047A09800206B
:108B6000024B186808B1D0F84C057047A098002057
:108B70002DE9F04F93B0054606939DF870300F93A2
:108B80001D9B0793974B9DF878401B680B910E92A5
:108B9000002B00F024818142C0F02181079B002B33
:108BA00000F01D81002C00F01A8100F029FB082C38
:108BB00028BF0824234601335A105B080894099201
:108BC0000C93A5F51663642B00F2BC80864C4FF025
:108BD000010B4FF0000A079B13F81A300493089B0F
:108BE0005B45CABF079B049B13F80B3005934FF0FE
:108BF0000008069B022B40F08480B8F1000F40F083
:108C000097804FF0010900F0E7FAA9F10202534200
:108C10005341C4F8103540F20123C4F85036002205
:108C2000724BC4F81425C4F81835049B1B06C4F80D
:108C30001C35059B1B06C4F8203545F2AA53C4F821
:108C40002435C4F828353323C4F82C25C4F830352E
:108C5000A5F16003DBB2C4F83425C4F80835614BD4
:108C60001B6893F844155C2000FB013303F21F13CB
:108C7000C4F804351123C4F800320123C4F80C21D0
:108C8000C4F8002163605A4BD4F80021002A46D072
:108C90000023C4F80031069A0E9B002A4FF47A761E
:108CA00014BF012203227343B3FBF2F3099A9342E8
:108CB00002D3099AB3FBF2F6FBF70EFF01270A90E5
:108CC000FBF70AFF0A9BC01A86420AD91FB9012383
:108CD000C4F80C71A360FBF7FFFE0A9BC01AB042F8
:108CE00041D30023C4F8103101232361404BD4F851
:108CF0001021002A70D00023C4F81031FBF7E4FBE8
:108D00000FE0069B012B05D1B8F1000F10D14FF0F9
:108D1000020978E7C8F102035FFA83F973E7013BC0
:108D2000B2D108F10103022B4FF001087FF461AFCB
:108D30000C9A0AF1010A5FFA8AF39A420BF1020BCC
:108D40003FF649AF0B9B0135ADB2AB42BFF439AF33
:108D5000254B0022C3F80022C3F8042513B0BDE858
:108D6000F04F00F0AFBAD4F80C31002BB3D0002391
:108D7000C4F80C31D4F808341A4F13F0040FDDE9AD
:108D8000043208BF1A463B68119293F84405D4F8A0
:108D9000481510915C2202FB003303F21F130D9360
:108DA000FBF778FE10990F9B119A01F07F01CDE936
:108DB0000203CDE900514B4628210D98FFF744FDF1
:108DC0003B6893F844255C2101FB023303F21F1337
:108DD000C4F80435002773E7013B88D18EE713B050
:108DE000BDE8F08FA0980020001000402828010165
:108DF000400D03001FB502240294044C01949DF819
:108E000018400094FFF7B4FE04B010BDFCE7020068
:108E100010B586B09DF820408DF814409DF8244090
:108E20008DF815400224029405ACCDE900341346B8
:108E30000A460146FFF79CFE06B010BDF8B51E4B72
:108E40001B78002B33D01D4F1D4D0424BB8913B15B
:108E50002A6893422BD91B4B0022C3F80021012220
:108E60001A60194AD3F80011F9B10022C3F80021A1
:108E7000C3F80C2101229A60134B124AD2F80C114C
:108E8000B1B10023C2F80C312B6801332B60FBF722
:108E900023FEFE890644FBF71FFE801B0028FADB39
:108EA000013C14F0FF04D1D101E0013ADAD1F8BD60
:108EB000013BE3D1FBE700BFE6980020AC9800201F
:108EC000A898002000100040400D030010B5094C88
:108ED000237873B100F080F9074A0023C2F80C35FB
:108EE0002370C2F80032C2F80435BDE8104000F02B
:108EF000E9B910BDE69800200010004070B50446A6
:108F000000285BD04379023B032B57D8037C013BFD
:108F1000272B53D80389A3F516639BB2642B4DD836
:108F2000FFF7D4FF264B04F138021D4654F8041B0A
:108F300043F8041B9442F9D122881A80214B224C19
:108F400000261E60214B1E6000F05AF900F044F923
:108F5000AB799A1E53425341C4F8103540F20123B5
:108F6000C4F85036C4F814656A792B7C013A03EBD7
:108F7000032343EA024343F08073C4F81835D5F85D
:108F800001301BBAC4F81C352B78C4F82435C4F85A
:108F90002C65C4F834652B89A3F51663C4F808352D
:108FA0000B4BC4F80435C4F80062A87A00F066FDE3
:108FB000084BC4F80C050120187070BD0020FCE7B8
:108FC000AC980020A898002000100040A498002031
:108FD000BD980020E6980020014B1878704700BF2C
:108FE000E69800200B4B1B7893B10B4B1A6802B923
:108FF00018600A4A92892AB1094909688A4201D847
:10900000FFF764BF1B68C01A47F22F539842F7D886
:10901000704700BFE6980020A4980020AC9800207C
:10902000A8980020094B0246187868B1084B1868C8
:1090300050B1111A47F22F53994204D800F5EA4370
:109040003033981A70470020704700BFE698002020
:10905000A4980020014B1868704700BFA898002012
:10906000054B02681AB10023036001207047013BE1
:10907000F7D11846704700BF400D0300A0F51663F6
:10908000642B05D800230B706038487001207047AE
:10909000A0F63813272B03D801230B703838F4E7D8
:1090A000002070472DE9F74F434BDFF820A133F83C
:1090B00010305BBA9BB2CAF808350025012304467C
:1090C0004600CAF800513D48CAF804308B46FFF705
:1090D000C7FF40B93A4B26449A197F2199559070A1
:1090E00003B0BDE8F08F374F17F80490B9F1070FC0
:1090F00038BF4FF00709A9F107095FFA89F329463C
:10910000A8464FF07F092A465D450BD00120019308
:10911000CAF81C21CAF814002B48FFF7A1FF019BD5
:109120000022D0B9294A0020C2F8100101201061A4
:109130002748FFF795FF224826448219C1EB0123F7
:1091400082F80180B3FBFBF300F806909370214A8C
:1091500099B9135D9BB1013B10E0DAF8480500F0C6
:109160007F00814528BF8146804538BF80468342C5
:1091700024BF013189B20135C6E72023135508F118
:10918000FF337D2B04D83B5D984507D207F8048058
:109190003B5D3B2B0BD83C233B55A1E76D2B06D801
:1091A0000F2213FB02831B1101333B55F0E76E2B9B
:1091B00096D96E23F0E700BF909A0020001100407E
:1091C000379C0020AA9B00201C110040001000408A
:1091D00010110040E7980020064BD3F850251207E5
:1091E00007D00022C3F81021012203481A61FFF7BB
:1091F00037BF70470010004010110040FFF7ECBF70
:109200004FF08043D3F80C2402F00112B2F1011F99
:109210000AD00022C3F8002101221A60034AD3F8C1
:10922000001109B9013AFAD1704700BF40420F005E
:1092300040F6381398422DE9F74338BF184640F6F8
:10924000C413994228BF1946814238BF01460446DB
:109250000D468D221748184FDFF86080DFF86090C8
:10926000002101F020FD2A1B013292B28D2A82BF1B
:109270008C328D23B2FBF3F24FF000038CBF92B21D
:1092800001223B70A54202D33E788C2E02D903B056
:10929000BDE8F08301A92046FFF7F0FE38B1BDF824
:1092A000043028F8163029F8164001363E70144470
:1092B000A4B2E7E7E798002074990020909A002074
:1092C0007699002038B5FFF787FF154B1548012226
:1092D000C3F8FC2F0322C3F8102540F20122C3F883
:1092E00050260022104B5C257F21144601328D2A26
:1092F000197059709C7000F8015B03F10303F5D1FC
:109300000A48002101F0CFFC094B1B783BB9BDE8AE
:10931000384040F6B3114FF41660FFF789BF38BDEF
:1093200000100040AA9B0020379C0020E7980020F6
:10933000749900202DE9F3418D2205460C46124810
:10934000124EDFF85080124F002101F0ACFC0023D8
:109350002A46337005EB4405AA4202D034788C2C9F
:1093600002D902B0BDE8F081108801A9FFF786FE9E
:1093700040B1BDF8043028F81430138827F81430B1
:10938000013434700232E7E7E79800207499002036
:1093900076990020909A0020802828BF8020034BD7
:1093A000012838BF01201870704700BF7D010020E0
:1093B000014B1870704700BF7C010020034B8D22C9
:1093C00018700021024801F06EBC00BF7801002037
:1093D000E7980020014B1878704700BF7801002003
:1093E000014B1878704700BF74990020044B1B781C
:1093F000834286BF034B33F810000020704700BF44
:109400007499002076990020024B187808B1024B1D
:10941000188870477499002076990020034B1878BB
:1094200018B1034B013833F81000704774990020CD
:10943000769900202DE9F74F374E3078002867D015
:10944000FFF7DEFE354B1F78354B1B7813B3002337
:1094500034491A4611F8014B0CB10132D2B2013332
:10946000DBB29842F6D101463846FEF7BFFEADF8B2
:109470000400C7B2C0F307252B4B1C78B4B9DFF842
:10948000A4803378E0B2834206D803B0BDE8F04F41
:10949000FBF71AB83D46EFE718F80030002B0CBF79
:1094A00039462946FFF7FEFD0134EAE71F4C2088C4
:1094B00000F07AF920800146307800F07EF92488A7
:1094C0003378B4FBF3F203FB12448046E4B24FF06E
:1094D000000B96F800905FFA8BFAD145D5D9114B65
:1094E0001A5D2046002A0CBF3946294644440AF03A
:1094F0001F0AFFF7D7FDB4FBF9F2BAF11F0F09FB02
:109500001244E4B201D1FAF7DFFF0BF1010BE0E7FF
:1095100003B0BDE8F08F00BF749900207D010020EA
:1095200078010020E79800207C0100207A010020CB
:10953000F7B50F4601A9FFF7A1FD7F2610B9304608
:1095400003B0F0BDFFF75CFEBDF80430164D1748C0
:109550005BBA9BB2C5F8083500240123C5F8004169
:109560006B60FFF77DFD0028E9D02146BC4208D0A2
:109570000123C5F81C110E486B61FFF771FD013422
:1095800048B9094B0B480022C3F8102101221A6187
:10959000FFF766FDD3E7D5F8483503F07F039E4219
:1095A00028BF1E46E2E700BF001000400011004047
:1095B0001C110040101100402DE9F04F8DB00C46F9
:1095C0000BA9054602920493FFF758FD20B9002429
:1095D00020460DB0BDE8F08F049B002BF7D0FFF7BD
:1095E0000FFEBDF82C30694A69485BBA9BB2C2F8DD
:1095F000083500210123C2F800115360FFF730FD48
:109600000028E4D0634B644A18780B46C9B28842FC
:1096100002D84FF05C090EE032F8026BAE4203F163
:109620000101F2D15D4A12F80390A9F13C03322BFB
:1096300088BF4FF05C09A9F10703DBB20693FBF783
:109640004BFA4FF47A73002663434FF07F0A80464B
:10965000079305460590B346CDF80CA00196374612
:109660003446079BA5EB080199420AD247480022DD
:109670000123C0F81C21436100F58E70FFF7F0FC58
:10968000C8B9BBF1000F63D1404B45480022C3F875
:10969000102101221A61FFF7E3FC169B43B1019AE6
:1096A0005A60039A19601C815F8183F80C905A7389
:1096B000FAF70AFF8CE7354B0990D3F8481501F00B
:1096C0007F010891FBF708FA039B08998B4228BF9A
:1096D0000B460393069B8B4205464FF000020FD3C7
:1096E000099BBBF1000F2FD08A4528BF8A46059BF6
:1096F0002C4AEB1A9342B4D9FAF7E6FE0595B0E787
:10970000BBF1000FF3D00199A0EB060C614401916D
:1097100004998C4215D2029B0299A6EB080043F8EB
:1097200034004FF6FF7001EBC4018445634604F139
:10973000010428BF03468B8081F806A0A4B293469B
:10974000D5E70137BFB2FAE78A4606469B46CEE721
:10975000019BAD1B2B440193049B9C4212D2029AA5
:10976000029BA6EB080642F834604FF6FF7203EB4B
:10977000C403954228BF154601349D8083F806A096
:10978000A4B281E70137BFB27EE700BF00100040FE
:10979000001100407499002076990020AA9B0020B7
:1097A000101100409F86010046F2552310FB03F084
:1097B00000F55850193080B27047022830B5034682
:1097C0001DD9C908421EB1FBF2F002FB1011013194
:1097D000C8B200251A460146B1FBF2F402FB14148C
:1097E000114614F0FF02F7D1012909D001300135EB
:1097F000C0B2EAB2834298BF01209342EAD8012066
:1098000030BD10B570B101290DD9421E01230020D1
:1098100012F8014F0133DBB220449942C0B2F7D1B4
:109820004042C0B210BD0020FCE7000010B5074A5E
:10983000002312F83340844202EBC30101D148688F
:1098400010BD01332E2BF4D10020F9E714E80200FB
:109850000138C0B204289ABF024B53F820000248D6
:10986000704700BF00E802002CD40200F8B50B4698
:109870001446054650B14AB14A1F112A06D8467807
:10988000C32E05D8C02E22D8402E22D000201DE0A5
:10989000D32EFBD116219942F8D16B18284613F824
:1098A000017CFFF7AEFF8742F0D110220021204655
:1098B00001F0F9F92B786370C22E1BD00BD8402E23
:1098C0000ED101232370EB78E3730120F8BD0A2148
:1098D000E1E70521DFE7C32E2CD005232370F4E751
:1098E00002232370AB78A3700622E91CE01C01F070
:1098F00019FAEAE703232370AB786372AB796A79CC
:109900001B0443EA02232A7913431AB21D054FEAC6
:1099100013304ABF6FEA0253C2F30B036FEA1353CB
:109920000205014644BF6FEA00516FEA115163819D
:10993000A181CAE704232370AB78A373C5E70000B5
:109940000D490B78B3B10D4B0022C3F81021012251
:109950001A610B4AD3F8100148B10022C3F8102154
:10996000064A0023C2F80C350B70FFF7ABBC013A76
:10997000F0D1F5E7704700BFE49D002000100040E3
:10998000400D030038B5A0F51665ABB2642B0C464C
:1099900025D8032923D8FFF7D3FFFFF731FC114B5C
:1099A00000220321C3F80022C3F810150E49C3F8A2
:1099B0000855095DC3F80C15C3F8002101221A608F
:1099C0000A4AD3F8001141B10022C3F80021084B24
:1099D00001201870074B1A6038BD013AF1D1002000
:1099E000FAE700BF0010004094E90200400D0300B8
:1099F000E49D0020E09D0020014B1878704700BFD7
:109A0000E49D002010B5094B1B781BB1084C23685E
:109A10000BB9206010BDC01A47F22F539842F9D9F4
:109A2000FFF78EFF00232360F4E700BFE49D0020D2
:109A3000E09D0020094B0246187868B1084B186871
:109A400050B1111A47F22F53994204D800F5EA4356
:109A50003033981A70470020704700BFE49D002003
:109A6000E09D002003289ABF024B53F820000248D3
:109A7000704700BF84E902002CD4020003289ABF7B
:109A8000014B185CD820704794E90200014600227F
:109A90000D4830B51346012410F8015B312D08BF85
:109AA00004FA02F502F1010208BF2B43202AF3D188
:109AB00001F007029200C2F1200263FA02F00B07E4
:109AC00048BF80F0AA3030BD98E9020070B5044666
:109AD0000D4632B1022A05D10A884FF6FD739A422B
:109AE00009D970BD4B1ECA1D13F8011FFF2932D1C1
:109AF0009342F9D1F5E7C37B00211830CDB2AB42D8
:109B000007D80C2B29D0591C04EB4303E1735A836B
:109B1000E7E730F8025F954201F10101EED1E0E79D
:109B200004EBC00008222946323001F093F80136D8
:109B30000028D6D0237CF0B29842F1D3032B0CD866
:109B40005A1C227404EBC30029460822BDE8704069
:109B5000323001F0E7B80026ECE7A37A43F0400387
:109B6000A372BEE738B505460024E0B2FFF78EFFCA
:109B700080EA400383F0AA3345F824300134102CE6
:109B8000F3D138BDF0B500250746212628464FF011
:109B9000013C57F825304B4023F001045B0803F0EB
:109BA0005533E41A04F03333A40804F03334234467
:109BB00003EB131303F00F330CFB03F3B6EB136F3C
:109BC00088BFE8B24FEA136405F1010588BF264655
:109BD000102DDED102B11670F0BD0000024B50F81E
:109BE00021101868FFF7CEBFE89D002038B5044665
:109BF0000720FFF74BFF05460A20FFF747FF43000A
:109C0000044A43EAD5734340E08B82EA0343184396
:109C100038BD00BF0000AAAA30B50B4D0246014472
:109C200000208A4200D130BD12F8013B0824584080
:109C300040F300032B4083EA500398B2631E13F0F5
:109C4000FF04F5D1EDE700BF0884FFFF2DE9F843DD
:109C50000F46064690460021382218461C4601F061
:109C600022F8012F02D80020BDE8F883358805F0DE
:109C700007032370C5F3C003A370C5F30013E3709B
:109C8000C5F340132371C5F38011C5F38122C5F3D9
:109C900001304FEA953C15F00403617122724FEADE
:109CA000153E607084F809C0DDD10328DBD0012A9D
:109CB000D9D0BCF1010FD6D0022840F08F8015F426
:109CC000807318BF01231846C5F340251EF0020F0C
:109CD00040F08C80BCF1000F00F08380002900F080
:109CE0008280B2FA82FE4FEA5E1E111E18BF012169
:109CF000022AA17284F80BE083F0010306D0A2F1DE
:109D00000309D9F1000242EB0902D2008E4403EBB1
:109D10004E0302331344BCF1020FDBB207D0ACF1A7
:109D20000309D9F1000C4CEB090C4FEACC0C63444D
:109D3000DBB29F4297D3002871D10123A371B3787E
:109D4000E3714FF0030931B136F80930A38109F10D
:109D500002035FFA83F906EB090104F1100000F039
:109D6000E1FF237A022B06D0A3F1030EDEF10003FC
:109D700043EB0E03DB004B445FFA83F9E37A33B124
:109D800036F80930E38109F102035FFA83F9627A58
:109D9000022A04F1180006EB090106D0A2F1030C17
:109DA000DCF1000242EB0C02D20000F0BBFF637A50
:109DB000022B03D0DA1E53425341DB004B44E27ABC
:109DC000DBB284F820306AB3E2894FF6FF718A4231
:109DD00028D0012184F8211062842AE018461D460B
:109DE00074E7E64681E74FF0010E7EE732B9BCF139
:109DF000000F11D081F0010E114679E781F00101C9
:109E0000BCF1000F08D0B4F8089040F2033EF145D1
:109E100002D08E4601216BE74FF0000E68E74FF04D
:109E2000020990E7A27A22B1A2894FF6FF718A4215
:109E3000CFD122780AB1012016E7B8F1000FFAD08D
:109E4000A278002AF7D1002DF5D1023FDA1CFFB22B
:109E5000D2B29742EFD9012184F82410F15AE1845B
:109E6000C1F38030C90B84F82810991CC9B284F85A
:109E70002900715C11F0070106D0043301EB4101A8
:109E80000B44DAB29742D6D9B35C511CC3F3021229
:109E900003F0070303EB820301EB430101F0FF0131
:109EA0008F42C8D9012584F82A50735C84F82B307E
:109EB000002BC0D18B1C9F42BDDD4A19B35C03F05F
:109EC0000F0384F82C30B35C1B0984F82D3001F1AA
:109ED0000A039F42AFDD03310822314404F12F0011
:109EE00000F020FF84F82E50A5E7000010B50E4CBE
:109EF0002068C0B18022002100F5E07000F0D3FEA0
:109F000020684FF4DC62002100F5107000F0CBFEF9
:109F100020682422002100F5126000F0C4FE2368AE
:109F2000002283F8442910BDE89D002010B5094A9D
:109F300028B140F64714A14201D9810702D0002080
:109F4000106010BD1060FFF70DFEFFF7CFFF01207E
:109F5000F7E700BFE89D00202DE9F04F87B083466A
:109F6000119C0F469246002140222046984600F060
:109F70009AFEB74B1D680021217055B1AAF10B0361
:109F80000F2B06D8092F07D8D5F82C390133C5F87F
:109F90002C3907B0BDE8F08F0BF1020B05AA58462B
:109FA000FFF71CFE0DF11502064601215846FFF78A
:109FB00015FE9DF81430062BE6D89DF81530062BBB
:109FC000E2D846EA001606F07F06042EDCD9BB1E56
:109FD0009B08023B5F08C3F34F039E4228BFFFB2BA
:109FE00005F23F1338BF374600937B0003330193DC
:109FF0004FF003090023019A4A4520D1F21B520178
:10A00000B7426670A770E370E2874FEACA0640F075
:10A01000A080394605F5A070FFF7FEFDB0B302231E
:10A020002E442370B6F86A314FF6FF72934240F027
:10A03000A280D5F824390133C5F82439A9E709F1FC
:10A04000FF310DF1160289B258460393FFF7C6FDA2
:10A05000494602900DF117025846FFF7BFFD029BDB
:10A060009DF8171043EA0012009B03F8012F9DF89A
:10A07000162000938A42039B38BF0A46934209F197
:10A08000020938BF13461FFA89F9B4E70123AA1958
:10A090002370B2F868314FF6FF718B426FD1D5F85B
:10A0A00020390133C5F820392E4496F86E31FF2B44
:10A0B0001CBF013386F86E3196F86F3123B1B8F1C9
:10A0C000000F03D0434501D986F86F8123463946F6
:10A0D00013F8062B501E4242424105F5A070FFF7CF
:10A0E000B5FD207100283FF454AFA37903F00303BA
:10A0F00005EB8303D3F830290132C3F83029237AE2
:10A1000023B1D5F840390133C5F8403994F82730E8
:10A11000002B3FF43EAF4E4B268D1B6893F84459FD
:10A1200019460022D0B2854231D8142D00F0928019
:10A130006A1C83F84429582202FB053505F5107581
:10A1400058220021284600F0AEFD2E8085F802A09E
:10A150002AE0062B3FF663AF0323AA192370B2F857
:10A160006C314FF6FF718B420DD1D5F82839013390
:10A17000C5F8283998E70133A6F86A3159E7013361
:10A18000A2F868318BE70133A2F86C31EDE7B1F842
:10A190004002B04259D191F84202504555D1582160
:10A1A00001FB023202F51075AB884FF6FF72934245
:10A1B0001CBF0133AB80EB7823B1B8F1000F03D0A3
:10A1C000984501D285F80380A3796B73637BAB73E9
:10A1D000109B6B65237A53B1AB7A43F00803AB72E3
:10A1E0002B894FF6FF7293421CBF01332B81637C96
:10A1F000002B40D0A38A228D991A4B424B41227CDE
:10A20000002A00F08280668A228DB21A5642564198
:10A210002BB1E27B04F11E012846FFF757FC2EB15B
:10A22000A27B04F116012846FFF750FC94F82A306F
:10A230001BBB94F82730002B3FF4ABAE228D4FF6BA
:10A24000CE239A427FF4A5AE5AE00132583169E735
:10A25000E89D002003F51075012203F52673988808
:10A26000A9880132D2B2884238BF1D46142A03F1B0
:10A270005803F4D164E70123C1E7EA88AB7A4FF6CB
:10A28000FF718A4218BF013203F0D90318BFEA8078
:10A2900043F00102AA7294F82E2012B143F0030396
:10A2A000AB7294F82F301BB1AB7A43F02003AB7242
:10A2B00094F8303053B194F83130EB7233B9AB7A53
:10A2C00043F00403AB7294F832302B7394F83430BB
:10A2D00053B1082204F1350105F1110000F022FD0F
:10A2E000AB7A43F01003AB7294F82A30002BA0D065
:10A2F00094F83030002B9CD094F83130032B98D157
:10A30000AB7A63F07F03AB7243E6002B88D01E4626
:10A310007FE700BF064B1B684BB103F1800193F848
:10A32000C621520883F8C62108338B42F7D1704703
:10A33000E89D0020024B186808B100F512607047D4
:10A34000E89D0020064A0346106840B1A3F10B02C5
:10A350000F2A03D82D3300EBC3007047002070474D
:10A36000E89D0020024B186808B190F84409704736
:10A37000E89D0020074A0346106850B190F8442930
:10A380009A4205D9582202FB030000F5107070476D
:10A3900000207047E89D00202DE9F0470546FFF7B3
:10A3A000E1FF884228BF0846C0B20023DAB29042DB
:10A3B00009D8124B29461E6858270123DAB2904269
:10A3C00004D8BDE8F087EA540133EFE711F801CF74
:10A3D0001A460C4607FB0C6A14F801EC07FB0E68E2
:10A3E000B8F84492BAF84482C14503D2013A04F85D
:10A3F00001E9F1D105F802C00133DFE7E89D002053
:10A400002DE9F0475B4F3B6892B005468846002B2C
:10A4100000F0AD80A0F10B030F2B00F2A880564C8A
:10A42000FEF7EEFEFEF7D8FE0423C4F8103540F226
:10A430000123C4F850364FF08073C4F814354F4BE5
:10A44000C4F818353E683046FFF7D0FB05EB8502AF
:10A450000302C4F81C3501210023323A000EC4F86F
:10A4600024054036C4F82C35C4F83015C4F834350A
:10A47000C4F808251122C4F80465C4F80022C4F801
:10A480000C31C4F800313E4B6160D4F8002172B346
:10A490000023C4F80031FAF71FFB4FF47A74DFF899
:10A4A000D89004FB08F406464FF00108FAF714FBB5
:10A4B000801BA0420CD2B8F1000F04D12E4B012218
:10A4C000C3F80C819A60FAF707FB801BA0421DD3EA
:10A4D000294B0022C3F8102101221A61284AD3F81F
:10A4E0001011002940D00022C3F8102101E0013BE7
:10A4F000CBD1F9F7E9FF204B0022C3F80022C3F8C3
:10A50000042512B0BDE8F047FEF7DCBED9F80C31E7
:10A51000002BD8D00023C9F80C313B68D9F848A5E6
:10A5200003F14008FAF7B6FA02ABCDE900032A4678
:10A530000AF07F03FF214046FFF70EFDBDF84630CD
:10A540007BB1FAF7C9FABDF846808044FAF7C4FA3D
:10A55000A0EB0800002804DAFAF7BEFA801BA0423C
:10A56000F4D34FF00008A1E7013AB8D1C1E712B027
:10A57000BDE8F087E89D002000100040FFFF0300C9
:10A58000400D030010B5421E00F10A03AC2112F881
:10A59000010F9A420C4681EA0001F8D1031B584290
:10A5A000584110BD08B5084A20B1EB2902D910F076
:10A5B000030102D00020106008BD1060EC2200F002
:10A5C00072FB0120F8E700BFEC9D0020024B1868E9
:10A5D00008B190F8E0007047EC9D0020064A034661
:10A5E000106840B190F8E0209A4203D91C2202FB87
:10A5F0000300704700207047EC9D00202DE9F04FCC
:10A60000DFF808B287B0DBF800300490002B00F0D0
:10A610009280FEF7F5FDFEF7DFFD784B002240F259
:10A620000121C3F81025C3F850167549C3F8142545
:10A63000C3F81815A421C3F824154FF00061C3F81E
:10A640001C1501203921C3F83005C3F83425C3F89F
:10A650000815DBF80010E131C3F804151121C3F827
:10A660000012C3F80C21C3F80021664A5860D3F8E1
:10A670000011002959D00025C3F80051FAF70AFA51
:10A68000DFF878910290FAF705FA029BC01A049B52
:10A69000984257D2F9F718FF0023C9F80C3101236B
:10A6A000C9F80830584BD9F80C21002A48D00023AB
:10A6B000C9F80C31DBF80060D9F84835009396F8FA
:10A6C000E1304E2BDFD106F1E100FFF75BFF002800
:10A6D000D9D0FAF7DFF9DBF800700190002F63D0D2
:10A6E00006F1E30296F8E23096F8E3A097F8E080EE
:10A6F00003920024A7F11C011C22E0B2804526D859
:10A70000B8F1080F55D008F1010287F8E0201C22AB
:10A7100002FB08F807EB080400212046059300F02F
:10A72000C2FA059B07F808301AE0013A9FD1FEF7FC
:10A7300053FDFEF7C7FD0025284607B0BDE8F08FA2
:10A74000013BB0D1FEF748FDFEF7BCFDF4E704FB8A
:10A75000022C601C11F80CC09C4528D102FB04742B
:10A76000009B039984F801A00822A01C03F07F0736
:10A7700000F0D8FAA37A0BB19F4200D2A772019BD6
:10A78000E36023695A1C1CBF01332361BAF1040F33
:10A7900026D196F8E930013BDBB2EF2B04D8012338
:10A7A000237596F8E930E3820135ADB26BE70446D4
:10A7B000A3E73C4601221C37F868E1680132D2B2B7
:10A7C000884238BF3C46082A07F11C07F4D11C22F6
:10A7D00000212046059300F066FA059B2370BFE731
:10A7E000AAF1100ABAF1010FDED8237D012B1FBF99
:10A7F000B6F8E930238302222275D5E70010004025
:10A800000B0B0001400D030000093D00EC9D0020F2
:10A810002DE9F04F81468BB06420FFF7EFFEFFF784
:10A82000D5FE0446EFF79CFE48B1834A137883F0C7
:10A83000010313700BB0BDE8F04FEFF74DBEEFF71B
:10A840006FFE30B17D4A13781BB1013B1370EFF7F7
:10A8500043FEEFF76FFE38B1784A13780133A34215
:10A8600002DA1370EFF738FE754A1368A9EB030399
:10A87000B3F5FA7F03D3C2F80090EFF72DFEEFF7A0
:10A8800031FE002800F0AF806B4B1E78002E00F0E8
:10A89000AF80FFF79BFE0446F9F78EFB694A012162
:10A8A0000220FAF73BFA684A02212620FAF74EFA0C
:10A8B000F5F78EFF09227F210020FAF797F91CB1E6
:10A8C0005E4B1878844205D8604A10210220FAF7BE
:10A8D0003DFA03E0FFF782FE044620B90BB0BDE865
:10A8E000F04FF9F777BB0178DFF884A104A8FAF7F5
:10A8F00059FA574A0B210220FAF728FA04AA0B2129
:10A900000A20FAF723FA534A0B211C20FAF71EFA01
:10A91000617804A8FAF746FA04AA0B212420FAF772
:10A9200015FA216904A8FAF73DFA04A8FAF732FAF1
:10A9300005464948FAF72EFAC5F17F05464A0B212C
:10A94000281AFAF703FA04A8FAF724FA04AA0B2142
:10A95000C0F17F00FAF7FAF914227F210020FAF7FC
:10A9600045F9671C1D260023B21F01928DF80A309D
:10A97000B94602254FF0440BA9EB040819F8012F42
:10A98000110902F00F021AF801101AF802208DF8CE
:10A990000810284601998DF8092008F1FF3802AA0D
:10A9A000FAF7D4F941460DF10D008DF80CB0FAF725
:10A9B000F9F9284603AA31461E35FAF7C7F97A2D68
:10A9C0004FF00003D8D1272E07F104070ED12C2217
:10A9D0007F211846FAF70AF9204A2E210220FAF7B9
:10A9E000B5F9F9F7F7FA0BB0BDE8F08F2726BBE70A
:10A9F000FFF7ECFD0746F9F7DFFA124A01210220C2
:10AA0000FAF78CF9164A02212620FAF79FF9F5F792
:10AA1000DFFE09227F213046FAF7E8F857BB114ADA
:10AA200010210220FAF792F90F4A1A210220FAF7B0
:10AA30008DF90E4A242149E7F59D0020F49D002060
:10AA4000F09D002056BA02009CC502003ED40200D0
:10AA500046C2020046D4020027CB020049D40200BD
:10AA60005FD4020068D4020075D4020085D40200CD
:10AA7000B9E90200052F3B4628BF0523DBB201934D
:10AA80004FF00A0A5FFA86FB5846FFF7A7FD054616
:10AA9000002858D0C36801780AF1010404A8A9EB82
:10AAA0000308FAF77FF94D4A21460220FAF74EF9DA
:10AAB00004AA21460A20FAF749F92B7D012B5FD120
:10AAC0004749484A41F28833984598BF0A461C20B6
:10AAD0002146FAF73BF941F28833984510D8E98AC4
:10AAE00004A8FAF75FF904AA21462A20FAF72EF9FA
:10AAF00004A8FAF74FF93C4A21462C30FAF726F918
:10AB0000A97A79B12D230DF111008DF81030FAF7E3
:10AB100049F904A8FAF73EF904AA2146C0F17F00DA
:10AB2000FAF714F9314B1B785B4505D109238022D4
:10AB300051460020FAF79CF8019A0136F3B29A4286
:10AB40000AF10B0A9ED8052F7FF64BAF791F04A898
:10AB5000FAF728F904A8FAF71DF904462448FAF789
:10AB600019F9C4F17F04224A3721201AFAF7EEF8C6
:10AB700004A8FAF70FF904AA3721C0F17F002EE7E5
:10AB8000022B1ED11B491C4A41F28833984598BFBD
:10AB90000A461C202146FAF7D9F841F28833984535
:10ABA000AED8298B04A8FAF7FDF804AA21462C2078
:10ABB000FAF7CCF804A8FAF7EDF8104A21462E303F
:10ABC0009CE70F4A21461C20FAF7C0F8697804A8D0
:10ABD000FAF7E8F804AA214624208FE746C20200CB
:10ABE0002ED4020027D402009BD40200F49D002042
:10ABF00073C8020039D4020032D402009EC502009C
:10AC000046D4020008B506484FF40071FFF7CAFCAD
:10AC1000044A00231370044A1370044A136008BDE9
:10AC200000220020F59D0020F49D0020F09D0020D2
:10AC300008B5064B044613B10021AFF30080044B66
:10AC40001B6803B19847204600F082F8000000001E
:10AC5000F89D002010B501390244904201D1002036
:10AC600005E0037811F8014FA34201D0181B10BD75
:10AC70000130F2E7884210B501EB020402D98442A8
:10AC8000234607D8431EA14207D011F8012B03F831
:10AC9000012FF8E70244824200D110BD13F8011DD4
:10ACA00002F8011DF7E702440346934200D17047C2
:10ACB00003F8011BF9E7000070B50D4B0D4D5B1B50
:10ACC0009C100026A64209D100F054FE0A4D0B4B01
:10ACD0005B1B9C100026A64205D170BD55F8043BB5
:10ACE00098470136EEE755F8043B98470136F2E7FE
:10ACF00080010020800100208001002084010020CC
:10AD000010F8012B11F8013B012A28BF9A42F7D015
:10AD1000D01A7047034611F8012B03F8012B002AC3
:10AD2000F9D170470A44914200F1FF3300D17047D6
:10AD300010B511F8014B03F8014F9142F9D110BD44
:10AD4000034613F8012B002AFBD1181A013870476B
:10AD5000FEE700BF72B6024A136801331360704702
:10AD6000FC9D0020034A1368013B136003B962B6DF
:10AD7000704700BFFC9D00202DE9F047C14C844284
:10AD800001D0BDE8F0870329FBD8DFE801F0431CC0
:10AD900055022378042BF4D0052BF2D194F86820C7
:10ADA00094F8693004219A422170EAD194F86A300B
:10ADB000002BE6D11A46D4E901500321A84701230C
:10ADC00084F86A30DDE72378042B00F02A81052B14
:10ADD00000F0408194F86960002E00F0308100217D
:10ADE0000D46022308204FF0010C01310CFA03F24A
:10ADF000B14242EA000203F1FF3300F02281D0B2F7
:10AE00005A1C04EB0507F0D187F8480001350723E9
:10AE10000020EAE72378042BB3D0052BB1D0032B15
:10AE2000AFD1D4E90150042200232270AC461A4667
:10AE30000121BDE8F0476047002BA2D0002AA0D036
:10AE4000117830299DD1022B9BD12378042B98D1E6
:10AE500092F8018063694FEA880705229F422270B9
:10AE600004D3A269103A974240F2FA80864D10222C
:10AE700028460021FFF717FF63699F4280F0EE80AC
:10AE8000DE1BA5F114010F2E394400F2F680324684
:10AE900028461F46FFF746FF3544C6F11006A36952
:10AEA000BB4212D9D4E90421791AA2EB0109B145B8
:10AEB000E36828BFB146284619444A46FFF732FFE7
:10AEC000B6EB09064F444D4432D0A369BB4200F0B3
:10AED000DF80E369BB420ED9DB1BB34228BF334698
:10AEE000994628461A4600211F44FFF7DCFEB6EBC0
:10AEF00009064D441CD0236ABB4214D9DB1BB34264
:10AF000028BF33461A46FF2128469946FFF7CBFE55
:10AF1000E3690E33DF1BB7429CBF3F23EB55B6EB13
:10AF2000090605D04D44324628460021FFF7BBFEF6
:10AF3000554D2846102100F071FB4FEAD803A8EBCD
:10AF4000C306B8F1030FC6F1070594F8682040F274
:10AF50008380E718012197F8480001FA05F510EA07
:10AF6000050C00F0838020EA050087F848000A44B9
:10AF7000D2B20127D6F1060508F1010144BF013321
:10AF8000072511F0FF0146D003290FD9E718012149
:10AF900097F8480001FA05F610EA060C64D020EA9A
:10AFA000060087F848000A44D2B201276E1E0DB988
:10AFB0000133072608F1020111F0FF012BD003290C
:10AFC0000CD9E718012197F8480001FA06F510EAB4
:10AFD000050C4DD161460A44D2B20127701E0EB94C
:10AFE0000133072008F1030111F0FF0113D00329F9
:10AFF00011D02344012693F8485006FA00F015EAD0
:10B0000000011BBF25EA000083F848000B463346C9
:10B010001A44D2B20127002F3FF4B3AE84F868205F
:10B02000AFE60123194A03EB43031A440023927845
:10B030002270D4E901501A460221A847CAE63546D3
:10B0400030462544002385F8480084F8683084F8A9
:10B050006A3096E60423E5E700278BE710261EE713
:10B06000E568FB1A1D4464E761469CE761467EE79C
:10B0700020EA050087F84800ADE710222846FFF7D0
:10B0800051FE56E7009E0020389E0020F8E902009D
:10B09000236A002B3FF41DAFE3699F423FF419AFD1
:10B0A00001222846FE211744FFF7FDFD013E05F170
:10B0B00001057FF40EAF3BE730B338B5134C23786E
:10B0C000042B01D0052B01D1082038BD032BFBD068
:10B0D000002BF9D10B46606001250A220C49A360C0
:10B0E00004F124002570FFF71DFE0A4BC4F82E3032
:10B0F0007C220F23214684F8322084F8333006481E
:10B10000BDE8384000F07EB907207047009E00205F
:10B11000ECE90200FFFFE11079AD020021B10AB1B4
:10B1200000F0ECB90C20704707207047B1F5777F2D
:10B1300056D8F0B4384C2378042B01D0052B02D11B
:10B140000820F0BC7047032BFAD0002BF8D0012B5D
:10B1500042D10923314A03EB430313449B78237004
:10B160000323002850D0FE29C4E9030184F83430B9
:10B17000C8B243D9CE1D0A0AB60884F83700F3B224
:10B1800084F8362014311427FF204FF47C754FF4D7
:10B19000806284F83500C4E9057184F86930C4E937
:10B1A0000752FEB100210846022308254FF0010C8A
:10B1B00001310CFA03F2B14242EA050203F1FF3316
:10B1C00012D0D5B25A1C04EB0007F1D187F84850D1
:10B1D000013007230025EBE7022BB1D10C23B9E79F
:10B1E0000C207047304635462318002083F848501D
:10B1F00084F8680084F86A00F0BC70474E1DB608F9
:10B200001231F3B21227C0E7012684F83430C4E9C2
:10B21000030033461221F5E7009E0020F8E9020002
:10B2200010B5044650B10A2906D10A46014607481E
:10B23000FFF778FD002010BD0C2010BD0A22044944
:10B240000248FFF76FFD204610BD00BF249E00207E
:10B25000ECE9020008B50B4A1378042B01D0052B4A
:10B2600001D1082008BD032BFBD0002BF9D0012B06
:10B27000F7D0022BF5D10323137000F0CDF9002095
:10B2800008BD00BF009E002008B500F0D3F90E4AAB
:10B290001378042B13D0052B09D0032B11D00BB13D
:10B2A000012B01D1082008BD022BFBD10D2307493A
:10B2B00003EB43030B4400209B78137008BD02236B
:10B2C000F5E70723F3E700BF009E0020F8E902003E
:10B2D00070B50E4D2B78042B01D0052B01D1082021
:10B2E00070BD032BFBD0002BF9D0012BF7D0022B24
:10B2F000F5D100242C7000F09FF9D5E901602346B8
:10B3000022460421B047204670BD00BF009E0020A9
:10B3100070B50446FCF740F82368402B3BD012D8A8
:10B32000042B2BD0102B28D13148EEF75FFA314B8C
:10B330001C6814B3304A00231068A4461A4603213F
:10B34000BDE870406047802B11D0B3F5002F14D1B9
:10B350002748EEF74BFA274B1C6874B1264A0023A6
:10B360001068A4461A461946BDE870406047237924
:10B370001BB9224A117801B1137070BD1D4B1C68B6
:10B38000002CFAD01C4A00231068A4461A4601215A
:10B39000BDE87040604763684BB9194A1378302B99
:10B3A0000AD01378A22B13D01378502B18D0292051
:10B3B000BDE87040EEF774BA0E4B1D68002DDCD06E
:10B3C0000D49A3680868AC460221BDE8704060479B
:10B3D000A368062BE8D10648BDE87040EEF706BA30
:10B3E000064B01221A702820BDE87040EEF758BACB
:10B3F0002CEA02006C9E0020709E00208F9E002090
:10B40000749E0020F0B5384B384A394C394D074608
:10B410000E4693E8030087B0176022782E6001ADD6
:10B4200085E8030042B907230A2133482370EEF769
:10B430008BFA002837D122780A2A4FD02E4B187861
:10B440005E789978DF78072A80EA060C2DD11C797E
:10B450005A7993F806E08DF80E1084EA07035340FA
:10B4600081F088018DF80C008EEA03038CEA01015B
:10B4700003208DF80D608DF80F108DF810708DF889
:10B4800011408DF814308DF812208DF813E08DF8EE
:10B4900015000A2103A8FFF7C3FEFBF77BFF10B9D5
:10B4A0002846EEF785FA07B0F0BD002460F30704E4
:10B4B00066F30F2461F3174479408CEA010367F3C4
:10B4C0001F640422FF210DF111008DF81030039448
:10B4D000FFF7E9FB03238DF81530DAE7114606483C
:10B4E000FFF79EFED9E700BF24EA02006C9E002011
:10B4F0008E9E0020709E0020849E0020F0B50128C2
:10B5000087B003D00024204607B0F0BD012A50D0F8
:10B510000A2A4AD84FF49260D040C00745D53C4E25
:10B520003C483270FFF7FEFB02223378394D8DF82C
:10B530000C2003A804958DF81430EEF7CFF90446DB
:10B540000028E0D131780A295DD02A786E78AB786E
:10B55000E878072982EA06073DD195F804E095F8D6
:10B5600005C08DF80020AD798DF802308EEA00021A
:10B5700083F088018CEA020287EA01036A40032112
:10B580008DF801608DF803308DF804008DF805E02A
:10B590008DF808208DF806C08DF807508DF8091039
:10B5A0000A216846FFF73CFEADE70924204607B0B4
:10B5B000F0BD0A780A2AF8D84FF49263D340DC072A
:10B5C000F3D5134E134832700A21EEF7BDF9044645
:10B5D0000028A9D097E7254662F3070566F30F25F3
:10B5E00063F3174543407B4060F31F650422FF214E
:10B5F0000DF105008DF804300095FFF754FB03238F
:10B600008DF80930CCE72846FFF70AFE7BE700BF3C
:10B610008E9E0020849E0020EEF726B800B583B0F1
:10B62000CDE9001003216846EEF7F6F803B05DF8A7
:10B6300004FB00BFEEF726B8024B00221A60EEF7BB
:10B640002BB800BF6C9E002053B94AB9002908BF2F
:10B6500000281CBF4FF0FF314FF0FF3000F088B9D9
:10B66000ADF1080C6DE904CE00F006F8DDF804E059
:10B67000DDE9022304B070472DE9F047089D0F462D
:10B6800004468C46002B48D18A42164661D9B2FA4C
:10B6900082F34BB1C3F1200201FA03FC20FA02F25B
:10B6A0009E4042EA0C0C9C404FEA164EB7B2BCFBDF
:10B6B000FEF1220C0EFB11CC42EA0C4201FB07F01A
:10B6C000904209D9B21801F1FF3C80F0EE8090421F
:10B6D00040F2EB8002393244121AA4B2B2FBFEF0FF
:10B6E0000EFB102244EA024400FB07F7A74209D9E7
:10B6F000341900F1FF3280F0DA80A74240F2D7809F
:10B700003444023840EA0140E41B00211DB1DC4012
:10B710000023C5E90043BDE8F0878B4206D90DB18F
:10B72000C5E9000100210846BDE8F087B3FA83F1BE
:10B73000002948D1BB4202D3824200F20781841A19
:10B7400067EB030201209446002DE4D0C5E9004CCC
:10B75000E1E7002A00F09280B2FA82F3002B40F079
:10B76000A8808A1A4FEA164E1FFA86FC0121200C87
:10B77000B2FBFEF70EFB172240EA02420CFB07F079
:10B78000904207D9B21807F1FF3802D2904200F276
:10B79000E2804746121AA4B2B2FBFEF00EFB102262
:10B7A00044EA02440CFB00FCA44507D9341900F11B
:10B7B000FF3202D2A44500F2CB801046A4EB0C0469
:10B7C00040EA0740A2E7C1F120068B4022FA06FCBE
:10B7D0004CEA030C07FA01F420FA06F3F7404FEAAB
:10B7E0001C49234300FA01F81FFA8CFEB7FBF9F05D
:10B7F0001C0C09FB107744EA074400FB0EF7A74234
:10B8000002FA01F20AD91CEB040400F1FF3A80F0BD
:10B810009B80A74240F2988002386444E41B9FB2A8
:10B82000B4FBF9F309FB134447EA044403FB0EFE9F
:10B83000A64509D91CEB040403F1FF3780F0828090
:10B84000A6457FD9023B644443EA0040A4EB0E04C2
:10B85000A0FB02E7BC427346B94663D360D05DB13A
:10B86000B8EB030264EB090404FA06F622FA01F3CA
:10B870001E43CC40C5E9006400214CE7620848083B
:10B8800042EAC1710B0C43EA00438AB242EA034226
:10B89000B3FBF6F1E407B4463746B6461F23B0FBC8
:10B8A000F6F0D21B41EA004161E7614614E7104619
:10B8B00028E7C3F1200120FA01F29E4027FA01F1A6
:10B8C0009F403A434FEA164E1FFA86FCB1FBFEF743
:10B8D0000EFB1710110C41EA004107FB0CF88845DC
:10B8E00004FA03F43AD9711807F1FF3001D2884500
:10B8F0001FD8A1EB0801B1FBFEF808FB0CF70EFB0B
:10B90000181192B242EA0142BA422FD2B21808F19B
:10B91000FF31C6D2BA42C4D2A8F102013244C0E714
:10B92000F0459CD2BEEB020367EB0C070138B94629
:10B9300095E7A6EB08084144B81EB1FBFEF808FBEA
:10B940000CF7DCE73B467FE7504667E70846FBE637
:10B950003444023832E7023F32441BE7A1EB0801CE
:10B960003846B1FBFEF808FB0CF7C8E7414698E7FC
:10B97000704700BFF8B500BFF8BC08BC9E467047D2
:10B98000F8B500BFF8BC08BC9E467047474F4F440F
:10B9900042594500424F4F544C4F41444552004B91
:10B9A00045455020484F4C44494E4720544F204570
:10B9B0004E54455220444655004E4F20494E505556
:10B9C0005400524620544F4F4C5300524144494F6B
:10B9D00053005243202B2044524F4E4553004E46B5
:10B9E00043005458204C41420057494649003830E2
:10B9F000322E31352E3400554E4B4E4F574E0043AC
:10BA00004F4E54494E554F555300574946492D4CBA
:10BA1000494B45005749464920424541434F4E0056
:10BA20004D4943524F5741564500424C45204144F1
:10BA300056004E4152524F572042555253540048DF
:10BA40004F5050494E4700425420434C41535349B4
:10BA50004300414E542F414E542B00414E414C4F18
:10BA60004720564944454F0052432046485353000F
:10BA700048454C4C4F00505245535320414E59209D
:10BA8000425554544F4E00496E74726F00544849E9
:10BA9000532049532041203320425554544F4E00E7
:10BAA0004445564943453A004C454654202F2052C0
:10BAB000494748543A204D4F56452C0053454C4574
:10BAC00043542C2041444A5553540028484F4C4479
:10BAD0003A204641535429004D4944444C453A20AC
:10BAE0004F50454E2C20454E5445522C00484F4C4B
:10BAF000442049542031533A20544845205458009A
:10BB0000544F4F4C532041524D205448454D5345BE
:10BB10004C564553004C494B452054484154004C29
:10BB20004F4E47204C4546543A20414C57415953BB
:10BB300020474F004241434B204F4E452053435234
:10BB400045454E004D454E55203E205359535445D2
:10BB50004D204841530053455454494E47532C20DF
:10BB6000534C4545502C2044465500474F4F4420E8
:10BB70004C55434B21004D4F4E49544F52005445B4
:10BB800058540055524C0052414E444F4D005354AE
:10BB900041424C45004649454C44204F4E2000460A
:10BBA00049454C44204F464600434F554E5445525C
:10BBB000532052455345540045444954203E0046C5
:10BBC0004C4453005245414453004D53204C4F4E7A
:10BBD00047004D49443A204E4558542C20484F4C7C
:10BBE000443A205245434F554E54004D6F64650012
:10BBF0004D657373616765005549440054657874F9
:10BC0000004E4557205349474E414C5320414C4527
:10BC100052540048554E542041524D4544004C4F1B
:10BC20004E47205220544F204558495400464F4C0F
:10BC30004C4F5700526164617200464C4F4F522086
:10BC40004C4556454C00524541445920464F5220E0
:10BC5000524320454D554C41544F5200434150549E
:10BC60005552454400524320646173680048554E64
:10BC70005400424153454C494E45205345543A20C7
:10BC80005741544348494E47004E4F205045525368
:10BC9000495354454E54205349474E414C5300524A
:10BCA0004144415200323435304D485A204C4556BB
:10BCB000454C004E4F542041205341464554592095
:10BCC00043455254494649434154450032340032B9
:10BCD00034383300414E595448494E47204E455759
:10BCE0002057494C4C20464C4153480025004E45B6
:10BCF00057210052432044415348004E4F205243A5
:10BD0000204C494E4B2059455400504F5745522026
:10BD10004120322E3447485A20544F592055500064
:10BD20004B4E4F574E2046414D494C494553202BD1
:10BD30002047454E455249430042494E4420504811
:10BD40004153450054484520544F592049532050F1
:10BD5000414952494E473A0044415441204C494ED2
:10BD60004B20464F4C4C4F57532054484520494494
:10BD70000053544159204F4E2C204954204C4F43DE
:10BD80004B5320495453454C4600544852005941A6
:10BD9000570050495400502F530052510057414909
:10BDA00054494E4720464F52204D4F56454D454E23
:10BDB0005400554E4B4E4F574E2050524F544F4308
:10BDC0004F4C3A2052415720425954455300545247
:10BDD00041434B455253005253534900524543454A
:10BDE0004E5400464F4C4C4F57494E4700424C452D
:10BDF00020636C656172206C6F67005370616D2009
:10BE0000616C65727400466F6C6C6F7720616C6555
:10BE1000727400424C4520736F727400424C45208E
:10BE20006C69737400424C452068756E7400424C16
:10BE3000452064657669636500424C452073636103
:10BE40006E00424C452073656E736F7273004D6FC8
:10BE50007573652F4B62640054582053544F5050F3
:10BE6000454400534E4946462041205041434B45EE
:10BE700054204649525354004E4F2043415054558C
:10BE80005245005458204641494C4544004D4944D0
:10BE90002052414953455320544845204E4942427F
:10BEA0004C45004C2F52204D4F56452C204C4F4EA8
:10BEB00047204C3A204241434B00494E4A454354A7
:10BEC000005245504C41590054583A204544495479
:10BED00000545820444F4E45004C4F4F5000484F9F
:10BEE0004C44204D49443A535441525400426163FA
:10BEF0006B0052617465004368616E6E656C005042
:10BF00006F77657200436F756E7400536F7572635F
:10BF100065004C656E677468005061796C6F616490
:10BF2000004964656E7469667900496E666F0053F6
:10BF30006C6565700047726F7570004D656E7500B9
:10BF4000524620746F6F6C73203E00526164696FBB
:10BF500073203E00524320262064726F6E6573206A
:10BF60003E004E4643203E005458206C6162203E05
:10BF700000546F6F6C73203E00324D485A00314DB3
:10BF8000485A004164617074206477656C6C0041AC
:10BF90006C61726D0043616C206F6666736574003E
:10BFA00044656C7461206D6B72005242570054728C
:10BFB000616365005669657700436C656172206D49
:10BFC0006178005365742072656600467265657A13
:10BFD00065004F7665726C6179004D65746572001D
:10BFE0005769466900537065637472756D005348F4
:10BFF000414445530031424954004155544F004695
:10C000004958454400324D00314D004C5342004DDB
:10C01000534200454449543A20005345543A2000C5
:10C02000535045435452554D0049534D0046554CCD
:10C030004C00424C454144560053657474696E6728
:10C040007300506167650053656E747279206442B5
:10C050000053656E747279206D73004261747420B0
:10C0600063616C004C45442068756E740044696DD2
:10C07000207300536C656570206D00537461727499
:10C080002073637265656E0042616E64004477657B
:10C090006C6C005746207370656564005746206DD0
:10C0A0006F6465004175746F20666C6F6F7200532A
:10C0B000687566666C6500536E69666620504859FF
:10C0C00000536E696666206269747300436F6E7414
:10C0D00072617374004261636B6C696768740049D4
:10C0E0006E766572740050782073686966740053C8
:10C0F00061766572206D00444953504C415900529D
:10C100004144494F004245484156494F520052452B
:10C1100041445920464F522045534220545800452F
:10C120005342207061636B65747300455342207302
:10C130006E696600505245534554530048656C7013
:10C140000053656E74727900507265736574730084
:10C1500057696465004465657000545820746573C0
:10C1600074005A69676265652050414E005A6967DC
:10C17000626565004944454E54494659005A49474D
:10C1800042454500524320534E49464600504958C7
:10C190004C414E414C595A45522E474954485542FC
:10C1A0002E494F00415647005045414B003F2E3F1E
:10C1B0003F0046524F5A454E002D2D444200322E2C
:10C1C0003447487A00414E414C595A455200414447
:10C1D0004300534C454550204F4E4C592046524F3A
:10C1E0004D20544845204D454E550042415454453C
:10C1F0005259204C4F57004348415247452049541B
:10C200002C205354494C4C2052554E4E494E470019
:10C2100053504C495400414C41524D20004255531B
:10C2200049455354004C415354203330530042414C
:10C230004E442049532051554945540042455354DA
:10C240002057494649204348004E4F205258004C41
:10C25000495354454E494E4700424C4520284445D9
:10C26000434F444544290043524320434845434BF0
:10C2700045442C204E4F54204120475545535300F0
:10C280005041545445524E204D415443482C204E69
:10C290004F54204445434F44454400434F4E464984
:10C2A00044454E4345005749445448004455545969
:10C2B000004D5300504552494F44004E4F4E4500EB
:10C2C000425552535453005041434B45545300532D
:10C2D00050454354005746414C4C004F4343555042
:10C2E000004D41524B005350414E004849535400B9
:10C2F0004C495354454E494E472E2E2E004E4F4E1C
:10C300004520594554005350414D20002F327300B1
:10C31000464F4C4C4F57494E473A20004445560033
:10C32000504B54004558542000204155582000508F
:10C3300055424C4943004E4F4E45204558542053DA
:10C34000455400204E4F54205245434549564544DC
:10C35000002D204155582044415441202D002D20CE
:10C36000414456455254202D0045585420414456CE
:10C370002053455420004144445220004B494E4430
:10C380002000525353492000204D494E2000204D9B
:10C3900041582000504B542000204556455259200A
:10C3A0000046495253542000204C41535420002051
:10C3B0004D494E55544553005350414D2050524F16
:10C3C0004E45205041545445524E00504455200093
:10C3D00020434F4E4E00202B5253500041555820C1
:10C3E00043482000434F4D50414E5920002D2053CB
:10C3F00043414E20524553504F4E5345202D00444B
:10C400004556494345004E4F54204845415244004B
:10C4100053454E534F5253002041474F20004D5635
:10C420000052414E444F4D204E4F4E5245534F4CBB
:10C43000560052414E444F4D2050524956415445AA
:10C440000052414E444F4D203F0052414E444F4D0B
:10C45000205354415449430041445620494E44001E
:10C46000414456204E4F4E434F4E4E005343414E93
:10C470002052535000414456205343414E00414402
:10C48000562045585400455854454E444544004DA7
:10C490004F5553452F4B42440048495453004E4F8B
:10C4A0002053484F434B4255525354205452414617
:10C4B00046494320594554004D4F56452054484560
:10C4C000204D4F555345204F522054595045005749
:10C4D00048494C4520544845205343414E2052552D
:10C4E0004E5300505245414D424C45204C4F434B1A
:10C4F0002C204E4F54204445434F4445440045535F
:10C5000042205458204143544956450053454E5407
:10C510000053544F505320494E004C414220555334
:10C5200045204F4E4C592E20414E592042544E200A
:10C5300053544F5053004D454D4D414E41474500DA
:10C54000484152444641554C5400535441434B20BA
:10C550004F564552464C4F5700564543544F522074
:10C5600052454144004C5200434653520048465302
:10C57000520042464152004D4D415200505352002C
:10C58000554E444546494E454420494E5354520069
:10C5900042415454455259004144432052415700AE
:10C5A00053574545505300524F5753004849535431
:10C5B0004F5259004B420041544331343431004E04
:10C5C0004F2043524153482053494E434520504F3A
:10C5D000574552204F4E00434C49434B3A20545943
:10C5E00050452020484F4C44204D49443A20435266
:10C5F00041534800465700555054494D4500525547
:10C600004E54494D45004348495000465245452047
:10C610004F4600535441434B004220554E5553451D
:10C62000440052414D20465245450053595354450C
:10C630004D00554E535441434B494E47004D5055C4
:10C64000204441544120414343455353004D5055EC
:10C6500020455845435554450042555320535441B5
:10C66000434B494E470042555320444154410049F1
:10C670004D5052454349534520425553004255536E
:10C6800020464554434800494E56414C49442053A6
:10C690005441544500494E56414C494420504300B2
:10C6A0004E4F20434F50524F434553534F52005526
:10C6B0004E414C49474E4544004449564944452063
:10C6C0004259205A45524F004D49443A504B545319
:10C6D00020204C4F4E47523A434C522046494C542E
:10C6E0004552004D49443A504B545320204C2F5250
:10C6F0003A434820204C4F4E47523A413000484F71
:10C700005020004F4B2F004E4F2053484F434B4279
:10C7100055525354205041434B455453205945548E
:10C72000004C4F4F4B494E4720464F5220314D2F22
:10C73000324D204553422054524146464943004D14
:10C740004F56452041204D4F555345204F522054C0
:10C75000595045005345542041302046494C5445DA
:10C7600052003C004C2F52202041444A5553540063
:10C770004D49442020434F4E4649524D004C4F4EA8
:10C78000472052202043414E43454C004E4F4143E9
:10C790004B005041434B455400454D505459205097
:10C7A00041594C4F4144004D49443A204341505473
:10C7B00055524520464F5220545820204C2F523A73
:10C7C0002042524F5753450043524153484544007D
:10C7D0004B45505420554E44455220494E464F201B
:10C7E0002D20435241534800554E54494C20544843
:10C7F00045204E45585420504F57455220435943E9
:10C800004C45005052455353204120425554544FFB
:10C810004E0048454C5000434C49434B3A2041435D
:10C820004B4E4F574C4544474500434C49434B3AC8
:10C830002057414B452020484F4C44204C3A204C37
:10C84000454156450053454E545259004F564552A6
:10C8500020464C4F4F5200535745455020455645B2
:10C86000525900414C45525453004C415354004DD1
:10C87000485A202B00532041474F0041435449560A
:10C88000495459004D41494E2053435245454E535A
:10C890000020535045435452554D20205749464996
:10C8A0002020424C45202052430020484F4C442039
:10C8B0004C202F2052202020505245562F4E4558B4
:10C8C000542053435245454E0020484F4C44204D80
:10C8D000494420202020204F50454E2054484520D8
:10C8E0004D454E550020434C49434B5320202020BA
:10C8F000202020414354204F4E205448452053438C
:10C900005245454E0020434C49434B204D4944205D
:10C910002020204E45585420544F4F4C00204C208E
:10C920002F2052202020202020202041444A5553EF
:10C93000542054484520544F4F4C00204D41524BF9
:10C94000205350414E205746414C4C205343524FA8
:10C950004C4C004D454E555320414E44204F5448B9
:10C9600045522053435245454E5300204C202F2022
:10C970005220202020202020204D4F5645204F526D
:10C98000204348414E47450020434C49434B204DEE
:10C9900049442020202053454C454354204F5220E9
:10C9A000454449540020484F4C44204C45465420AF
:10C9B0002020204241434B0053454E545259202DD4
:10C9C000204D454E553A20544F4F4C530020434C78
:10C9D00049434B202020202020202057414B452F29
:10C9E00041434B4E4F574C454447450020484F4C20
:10C9F00044204C454654202020204C4541564500BB
:10CA0000204D454E553A20534C45455020204D4928
:10CA1000442057414B45532055500020484F4C442B
:10CA2000204C204F52205220415420535441525404
:10CA30003A2044465500545820544553540054520B
:10CA4000414E534D49545320412043415252494590
:10CA5000522E00434845434B20594F5552204C4FCE
:10CA600043414C2052554C4553004245464F524598
:10CA700020454E41424C494E472049542E004652D3
:10CA8000455100505752004D494420484F4C4420D6
:10CA9000315320544F20535441525400414E592099
:10CAA000425554544F4E2053544F5053204E4F57DD
:10CAB000004C2F523A204348414E4E454C204F5295
:10CAC00020484F50004C2F523A204C4F434B2041AE
:10CAD000204348414E4E454C004243005A420042DA
:10CAE0004144004E4F2050414E205345454E205961
:10CAF000455400504A00534543004A4F494E204F89
:10CB000050454E004A4F494E20434C4F5345440038
:10CB10005A49474245452050524F005A49474245DD
:10CB20004520323030360046524D0042434E0053CD
:10CB30004551005448524541440050414E3A464107
:10CB4000434500424541434F4E2050524F544F0001
:10CB50004153534F43204F4B004E4F2042454143DA
:10CB60004F4E20484541524400434F4F52440058D5
:10CB700050414E004E4F204144445245535345537B
:10CB8000004D4F5245204E4F54204B4550540043CA
:10CB90004D44005741544348444F470057414B458B
:10CBA0000050494E004C4F434B5550004F544845A0
:10CBB000520049424541434F4E00424341535420A5
:10CBC000004E414D452000204E4554574F524B20BA
:10CBD000494400204E4F4445204944454E54495451
:10CBE00059002053455041524154454400204E4580
:10CBF0004152204F574E455200464C41475320006A
:10CC0000204C494D002047454E00204C452D4F4EAD
:10CC10004C59002042522F45445200545820504F46
:10CC200057455220002044424D004C4F4F4B53205B
:10CC3000004441544120002046494E44204D592093
:10CC4000444556494345204E4554574F524B0020CA
:10CC5000554944204E532000205549442049442042
:10CC60000020544C4D20004D5620002045494400E2
:10CC700020554E57414E54454420545241434B4950
:10CC80004E47204D4F444500204449534352494D9F
:10CC900020002056455220002056494420002050B4
:10CCA00049442000204155524143415354204944B6
:10CCB00020002050425000205351002048510020B5
:10CCC0004D4F44454C2000204143434F554E542086
:10CCD00044415441004D46472000545950452000DE
:10CCE00020555549442000204D414A2000205057EE
:10CCF00052200020434450200020535749465420DE
:10CD000050414952004D4553482050524F564953C7
:10CD1000494F4E494E47004D455348204D455353CA
:10CD200041474520454E43525950544544004D45D6
:10CD3000534820554E50524F564953494F4E454443
:10CD40000020202020202000204F4F4220004D4571
:10CD50005348204E455420424541434F4E00204BFE
:10CD600045592052454652455348200020495620F7
:10CD70005550442000204E4554200020495620495B
:10CD80004E44455820004D45534820505249564185
:10CD9000544520424541434F4E004D4553482042A3
:10CDA0004541434F4E203F0041442000204C454E1A
:10CDB000200053454E534F5220004320002052483C
:10CDC00000204241545400205043540058424F58D0
:10CDD000004950484F4E45004950414400414E449F
:10CDE000524F49440057494E444F575320444553EE
:10CDF0004B544F500057494E444F57532050484FC3
:10CE00004E45004C494E55580057494E444F5753D4
:10CE100020494F54005355524641434520485542FE
:10CE20000057494E444F5753204C4150544F5000E7
:10CE300057494E444F5753205441424C4554002EBD
:10CE4000434F4D2F002E4F52472F002E4544552F54
:10CE5000002E4E45542F002E494E464F2F002E4295
:10CE6000495A2F002E474F562F002E434F4D002E6C
:10CE70004F5247002E454455002E4E4554002E4932
:10CE80004E464F002E42495A002E474F56004854F6
:10CE900054503A2F2F5757572E0048545450533A56
:10CEA0002F2F5757572E00485454503A2F2F0048D1
:10CEB000545450533A2F2F004150504C4500535773
:10CEC000494654504149520053414D53554E470035
:10CED000464153545041495200455854204144560C
:10CEE000004D534654004544445953540053454E55
:10CEF000534F52004D455348004D41545445520044
:10CF000041555241434153540046494E444D590006
:10CF100054494C4500534D41525454414700474FEA
:10CF20004F474C4520464D444E00414952505249CE
:10CF30004E540041495244524F5000484F4D454BCA
:10CF400049540050524F58205041495200484559C9
:10CF5000205349524900414952504C4159205447AD
:10CF60005400414952504C415920535243004D41C5
:10CF7000474943205357495443480048414E444F82
:10CF80004646005445544845522054475400484FA3
:10CF90005453504F54004E4541524259204143543E
:10CFA000494F4E004E454152425920494E464F008E
:10CFB00046494E44204D59004B4559424F41524439
:10CFC000004D4F555345004A4F59535449434B0068
:10CFD00047414D4550414400454152425544004867
:10CFE000454144534554004845414450484F4E45FF
:10CFF0005300434F4D5055544552005741544348F8
:10D0000000434C4F434B0052454D4F544500474C55
:10D010004153534553004B455952494E47004D45E6
:10D0200044494120504C4159455200424152434FDE
:10D03000444500544845524D4F4D455445520048D3
:10D0400045415254205241544500424C4F4F4420D8
:10D0500050524553530048494400474C55434F53A1
:10D0600045004359434C494E4700434F4E54524F9D
:10D070004C004C494748540046414E0048564143F5
:10D0800000414952434F4E0048554D494449464995
:10D0900045520048454154494E470041434345539A
:10D0A00053204354524C004D4F544F52495A45441B
:10D0B000004C4947485420534F5552434500574967
:10D0C0004E444F5720434F56455200415544494F17
:10D0D0002053494E4B00415544494F20534F555220
:10D0E00043450056454849434C45004150504C4942
:10D0F000414E43450045415250484F4E4553004133
:10D1000049524352414654004156204551554950D9
:10D110004D454E5400444953504C4159204551000F
:10D1200048454152494E47204149440047414D49F5
:10D130004E47005349474E4147450047415000473D
:10D1400041545400494D4D454420414C45525400F2
:10D150004C494E4B204C4F535300545820504F577E
:10D1600045520044455649434520494E464F0043E9
:10D1700059434C494E472053504545440043594379
:10D180004C494E4720504F57455200454E5620536C
:10D19000454E53494E470055534552204441544152
:10D1A000005745494748540050554C5345204F5867
:10D1B000494D004649544E455353004D4553482070
:10D1C00050524F56004D4553482050524F58590029
:10D1D000415544494F2053545245414D004241531B
:10D1E000494320415544494F004243415354204153
:10D1F0005544494F00434F4D4D4F4E2041554449F2
:10D200004F005055424C4943204243415354004241
:10D2100054484F4D4500474F4F474C4500535749E1
:10D22000544348424F540053414D53554E472046B6
:10D23000494E44004558504F53555245204E4F5487
:10D24000494600414D415A4F4E005048494C4950C3
:10D2500053204855450046415354205041495200FF
:10D260005849414F4D49004544445953544F4E4548
:10D27000004552494353534F4E00494E54454C00CC
:10D280004D4943524F534F4654005155414C434F23
:10D290004D4D0054490042524F4144434F4D004DC3
:10D2A0004544494154454B004E4F52444943005276
:10D2B00045414C54454B004E494B45004741524D6A
:10D2C000494E004449414C4F470043595052455341
:10D2D00053004855414D49004C4F47495445434838
:10D2E000004553505245535349460053494C41421F
:10D2F0005300525555564900534F4E4F5300414429
:10D3000041465255495400474F5645450073707386
:10D310000074707300415443005056565800494EF3
:10D320004B42495244005357424F54006874747042
:10D33000733A2F2F7777772E00687474703A2F2FF7
:10D340007777772E0068747470733A2F2F006874A3
:10D3500074703A2F2F007069786C0056455259202E
:10D360005354524F4E472032343530005354524FAD
:10D370004E473A20434845434B204F56454E0045C3
:10D380004C455641544544204C4556454C00574960
:10D39000464920564944454F00434F4E54524F4C46
:10D3A000204C494E4B0043415252494552004241A4
:10D3B00059414E470053594D415800583543004894
:10D3C00038004D4A5800464C59534B59004A4A526E
:10D3D00043005639313153004B4545502D414C499E
:10D3E0005645004B45595354524F4B45004D45440B
:10D3F000494100320035003700390052455400459C
:10D4000053430044454C005441420053504143456E
:10D41000003D002D343064426D002D323064426D89
:10D42000002D3864426D0048523A20203F00485297
:10D430003A005057523A203F005057523A004E4F50
:10D440002044415441005047004D49443A4C49530F
:10D450005420204C2F523A4348414E4E454C003206
:10D46000343537204D487A00534541524348494EA0
:10D47000472E2E2E004E4F20414E542B2044455611
:10D4800049434553004348414E4E454C20353720D3
:10D490002832343537204D485A290042504D00007B
:10D4A0000338FDD870470000C2B90200CBB90200B2
:10D4B000D2B90200DEB90200E2B902000D03100089
:10D4C000E9B9020091BB0200EEB9020001060B00AF
:10D4D00062097A09B009000036C20200F7B90200F9
:10D4E000FFB902000ABA020014BA020020BA020010
:10D4F0002ABA020032BA02003FBA020047BA02005A
:10D5000052BA02005BBA020068BA020087BA02008F
:10D51000000000000000000000000000000000000B
:10D520000000000000000000000000008DBA0200B2
:10D53000A0BA020047CD0200A8BA0200BCBA02009D
:10D54000CBBA0200D8BA020075C7020047CD02006C
:10D55000EDBA020000BB020015BB02001FBB0200B7
:10D5600034BB020047CD020044BB020056BB0200A0
:10D570006BBB0200EBBB0200F0BB0200F8BB020079
:10D58000FCBB0200DEB902000400000015B301007C
:10D5900089B3010099B20100000000000000000002
:10D5A000010000004142434445464748494A4B4C2C
:10D5B0004D4E4F505152535455565758595A303179
:10D5C00032333435363738392E2D3A2F5F2000006C
:10D5D00034BC020003000000F5BA01001DB70100D1
:10D5E000F1B6010000000000000000000100000092
:10D5F00065BC0200030000001DC00100BDBC0100AD
:10D600000000000000000000000000000100000019
:10D61000A5BB0200CEBD0200D7C20200D7BD0200EA
:10D62000DCBD020072BE0200D7C20200CEBD020005
:10D63000E3BD020082C40200EDBD02000200000052
:10D6400000000000000000000000000005CE010006
:10D6500031CC010000000000FBBD02000200000010
:10D6600000000000000000000000000015CC0100D8
:10D6700081C801000000000006BE02000200000098
:10D68000000000000000000000000000EDCB0100E1
:10D690006DC801000000000013BE0200020000007F
:10D6A000000000000000000000000000C5CB0100E9
:10D6B00059C80100000000001CBE0200020000006A
:10D6C000000000000000000000000000A5CB0100E9
:10D6D00045C801000000000025BE02000000000057
:10D6E00029C8010081CA0100D5C80100000000005E
:10D6F00000000000010000002EBE0200000000003B
:10D70000B5C8010075C9010000000000000000005C
:10D71000000000000100000039BE0200020000000D
:10D72000D9C801007DCC0100A1C8010000000000A3
:10D73000000000000100000042BE020002000000E4
:10D7400021CE01003DCE01001BCE010000000000F3
:10D7500000000000010000004EBE020002000000B8
:10D760004DD00100D5CF0100C5CF01000000000061
:10D77000000000000100000030313233343536370C
:10D78000383941424344454600000000EDBE0200E6
:10D79000EBBB0200F2BE0200F7BE0200FFBE0200B9
:10D7A00005BF02000BBF020012BF020019BF02003A
:10D7B00019BF02000000000051D001001DD201007D
:10D7C0000000000000000000000000000000000059
:10D7D00018C10200050000009DD30100F9D301002B
:10D7E00075D00100000000000000000000000000F3
:10D7F00000000100080020008000000021BF02009E
:10D8000001000000000000000DD701000000000032
:10D810000000000000000000010000002ABF02001C
:10D8200007000000DDD80100EDD801000000000075
:10D8300000000000000000000000000067BB0200C4
:10D8400007000000000000000000000000000000D1
:10D85000ADDB010000000000000000002FBF02004F
:10D8600007000000000000000000000000000000B1
:10D87000A1DB0100000000000000000035BF020035
:10D8800000000000B5D901008DDB010000000000A0
:10D890000000000000000000000000003BBF02008C
:10D8A00000000000A9D9010081DB0100C1D90100FD
:10D8B0000000000000000000000000000000000068
:10D8C000C2B90200CBB90200D2B90200DEB902002F
:10D8D000E2B90200C7C90200E6C102000000000070
:10D8E00040BF02004BBF020054BF020062BF0200F3
:10D8F00068BF020071BF02000000000083BF020089
:10D900000100000000000000000000000000000016
:10D91000EDDE0100D1DE0100000000008FBF02003B
:10D9200001000000000000000000000000000000F6
:10D930004DDC010091DE01000000000095BF0200F7
:10D9400001000000000000000000000000000000D6
:10D9500029DE010055DE010000000000A0BF02002A
:10D9600001000000000000000000000000000000B6
:10D970009DE2010005DE010000000000AABF0200D8
:10D980000100000000000000000000000000000096
:10D99000DDDD0100C1DD010000000000AEBF0200BE
:10D9A0000100000000000000000000000000000076
:10D9B00081DD0100B1DD010000000000B4BF020004
:10D9C0000100000000000000000000000000000056
:10D9D000A1DC010075DD010000000000B9BF0200FC
:10D9E0000100000000000000000000000000000036
:10D9F00061DD01000000000000000000C3BF020064
:10DA00000100000000000000000000000000000015
:10DA100049DD01002DDD010000000000CBBF020048
:10DA200001000000000000000000000000000000F5
:10DA3000DDDB0100F9DB010000000000D2BF0200C5
:10DA400001000000000000000000000000000000D5
:10DA5000C9DB010021DD010000000000DABF020087
:10DA600001000000B5DB0100D9E1010039DC010053
:10DA7000000000000000000001000000E0BF020004
:10DA80000100000000000000E5DC010000000000D3
:10DA9000000000000000000001000000E5BF0200DF
:10DAA000010000003DDC010061E0010019DC010023
:10DAB00000000000000000000100000062097A0977
:10DAC000B009000A0F141E0029C002002DC0020078
:10DAD00082C4020032C0020039C002000700000008
:10DAE0006DE3010005E6010089E30100000000008C
:10DAF0000000000000000000100100203DDB0200DB
:10DB000007000000E800002033DB02000A000000EC
:10DB1000D00000202DDB020006000000BC00002029
:10DB200028DB0200050000000013141501000F108F
:10DB3000111201000708090A0B0C0D0E0100020367
:10DB400004050601F7C00200FFC0020005C1020083
:10DB5000C7C902001FC102000000000011E9010056
:10DB600035EB010000000000000000000000000094
:10DB7000010000002BC1020002000000F1EA0100D8
:10DB8000A5E9010000000000000000000000000006
:10DB9000010000003CC102000700000031EC010060
:10DBA000EDEC01000000000000000000000000009B
:10DBB0000000000041C1020006000000A5EC0100C9
:10DBC00051ED01006DEC01000000000000000000BC
:10DBD0000000000048C10200010000000DF001003B
:10DBE000C1EE010000000000000000000000000085
:10DBF00000000000E0BF020029C002000020020176
:10DC000091BB02002EBA02000380010150C1020044
:10DC100082C402000210030155C1020029C00200A3
:10DC2000008006005AC102000500000079F10100E1
:10DC300089F0010061F00100000000000000000018
:10DC40000000000062C102000000000095F1010028
:10DC5000F1F20100000000000000000000000000E0
:10DC6000010000006DC1020002000000C1F20100CD
:10DC700005F20100000000000000000000000000AC
:10DC8000010000000C00000020C00200E9B9020001
:10DC900039D0020074C1020091BB02007DC10200B4
:10DCA00084C1020056BA020087C10200F3BC020020
:10DCB0009FBC0200DEB902009CDA02007CDA02009E
:10DCC0005CDA0200FCD7020018D7020064DC020014
:10DCD00058D70200CCE9020074DB0200F0D5020044
:10DCE000D0D5020084D502002E0000009CDA02008C
:10DCF0009CD802007CD802000CD502007CDA02001D
:10DD00005CDA02003CDA02001CDA0200FCD90200F4
:10DD1000DCD90200BCD902009CD902007CD90200E7
:10DD20005CD902003CD902001CD90200FCD80200D8
:10DD3000FCD7020018D70200F8D60200D8D602009D
:10DD400038D70200B8D6020098D6020078D6020072
:10DD500058D6020038D6020058D70200CCE902009B
:10DD600064DC020044DC020074DB020054DB0200CD
:10DD7000F0D50200D0D5020084D5020024DC0200D8
:10DD8000D0D70200B0D70200D8DA0200D4DB0200FC
:10DD9000B4DB02001CD8020094DB02005CD8020055
:10DDA0003CD802000055000055001100000044114D
:10DDB000000001010202020202020300CFC20200BF
:10DDC000D5C20200DBC20200E1C20200A8C102000B
:10DDD000E6C20200D5C20200EBC202000000000051
:10DDE0000338FDD87047081820281808303800007C
:10DDF00000000810300000000000000021C40200F4
:10DE000032C4020041C402004AC4020058C40200E5
:10DE10002CD4020060C402002CD402006CC40200A6
:10DE20002CD4020075C402007EC4020008C00200A7
:10DE300005C0020095C2020047CD0200CEBD02001F
:10DE4000E3BD020086C40200303132333435363748
:10DE50003839414243444546000000002BC60200C9
:10DE600085D10200E2C70200303132333435363713
:10DE7000383941424344454600000000100000008C
:10DE80005DC602000800000032C602000200000069
:10DE90003DC60200010000004DC602000010000057
:10DEA00059C602000002000066C60200000400001D
:10DEB0006FC60200000100007DC6020000000100E4
:10DEC00080C502000000020087C6020000000400B6
:10DED00095C6020000000800A0C602000000000174
:10DEE000AFC6020000000002B9C602003031323372
:10DEF0003435363738394142434445460000000046
:10DF000084C8020091C80200AAC80200C9C8020061
:10DF1000E5C8020020C0020005C902001DC90200B8
:10DF20003BC9020053C902006BC9020088C9020044
:10DF3000A5C90200B8C90200CDC90200ECC902009F
:10DF400085D1020000CA02001BCA020093CD020064
:10DF500041D40200B4C902008FCB02003031323309
:10DF600034353637383941424344454600386466D3
:10DF7000363062360056312E3300000000000000BB
:10DF80000338FDD870476810640004105C00A00FCF
:10DF900055003C0F4B000A0F4100D80E3700A60E6B
:10DFA0002D00740E2300420E1900100E1200AC0D4D
:10DFB0000A00480D0400E40C00000000000000000E
:10DFC0000338FDD87047000000000000000000008A
:10DFD0000338FDD87047000032E002003EE0020046
:10DFE0003BE0020038E0020035E002003EE00200C3
:10DFF0003EE002003EE002003EE002003EE00200A1
:10E000003EE002003EE002003EE002003EE0020090
:10E010003EE002002FE002003EE002003EE002008F
:10E020003EE002003EE002002CE002000115070085
:10E030000A00040E04100E01001000040404000085
:10E04000001F051F1F150E1F11111F110E1F151583
:10E050001F05051F111D1F041F111F1118101F1F61
:10E06000041B1F10101F021F1F061F1F111F1F055B
:10E07000070F091F1F051717151D011F011F101F6F
:10E080000F100F1F081F1B041B071C071915131F58
:10E09000111F121F101D151715151F07041F171527
:10E0A0001D1F151D01011F1F151F17151F00000043
:10E0B000000000005F00000007000700147F147FCD
:10E0C00014242A7F2A1223130864623649552250E9
:10E0D0000005030000001C2241000041221C001426
:10E0E000083E081408083E080800503000000808E0
:10E0F000080808006060000020100804023E514932
:10E10000453E00427F400042615149462141454B16
:10E11000311814127F1027454545393C4A4949308A
:10E1200001017109073649494936064949291E0046
:10E130003636000000563600000814224100141440
:10E1400014141400412214080201510906324979BD
:10E15000413E7E1111117E7F494949363E41414180
:10E16000227F4141413E7F494949417F09090901D7
:10E170003E4149493A7F0808087F00417F4100201D
:10E1800040413F017F081422417F404040407F02D0
:10E190000C027F7F0408107F3E4141413E7F090908
:10E1A00009063E4151215E7F0919294646494949E0
:10E1B0003101017F01013F4040403F1F2040201FAF
:10E1C0003F4038403F631408146307087008076134
:10E1D00051494543007F414100020408102000419D
:10E1E000417F00040201020440404040400001021F
:10E1F000040020545454787F4844443838444444FC
:10E2000020384444487F3854545418087E09010289
:10E210000C5252523E7F0804047800447D40002096
:10E2200040443D007F1028440000417F40007C04B2
:10E230001804787C0804047838444444387C141466
:10E240001408081414187C7C080404084854545416
:10E2500020043F4440203C4040207C1C2040201CA7
:10E260003C4030403C44281028440C5050503C4422
:10E2700064544C4400000000CCCD020000000000BB
:10E28000000000000000000000000000D1CD0200EE
:10E29000D8CD0200DDCD0200E5CD02000000000077
:10E2A000F5CD020003CE020009CE020015CE020019
:10E2B00021CE020030CE02003FCE020045CE020049
:10E2C0004BCE020051CE020057CE02005ECE0200BD
:10E2D00064CE02006ACE02006FCE020074CE02004D
:10E2E00079CE02007ECE020084CE020089CE0200EA
:10E2F0008ECE02009ACE0200A7CE0200AFCE020060
:10E30000303132333435363738394142434445466B
:10E310000000000047CD0200B8CE0200BECE0200D1
:10E32000C8CE0200D0CE020047CD0200D9CE0200F6
:10E33000B8CE0200E1CE0200D0CE0200E6CE02004E
:10E34000B2CB0200EDCE0200F4CE0200F9CE020004
:10E3500000CF020009CF020010CF020015CF02004B
:10E360001ECF0200000000000000000000000000BE
:10E370002ACF02000000000033CF02003BCF020092
:10E3800043CF02004DCF020056CF020062CF020001
:10E390006ECF02007BCF020083CF02008ECF02003F
:10E3A00096CF0200A4CF020000000000B0CF020010
:10E3B000C1030000B8CF0200C2030000C1CF0200B9
:10E3C000C3030000C7CF0200C4030000D0CF020087
:10E3D00041090000D8CF020042090000DFCF02004F
:10E3E00043090000E7CF0200F7B90200FDCD0200AB
:10E3F000F2CF0200FBCF020001D00200F7C0020002
:10E4000007D002000ED002001ACF020016D0020080
:10E410001ED002002BD0020033D002003FD00200F9
:10E420004AD0020056D002005AD0020008C20200B0
:10E4300062D002006AD0020047CC0200EDCE02009A
:10E4400072D0020078D002007CD0020081D002009D
:10E4500088D0020093D002009BD00200A7D0020017
:10E4600085D10200B1D00200BED00200CBD00200A4
:10E47000D6D00200E3D00200EBD00200F5D00200BB
:10E48000FFD0020008D1020015D1020020D1020005
:10E490002CD1020033D10200001800003BD1020051
:10E4A000011800003FD102000218000044D1020010
:10E4B0000318000050D10200041800005AD10200D5
:10E4C0000518000001C602000918000033D0020040
:10E4D0000A18000063D102000D1800003FD00200AE
:10E4E0000F18000090C50200101800004AD002006A
:10E4F0001218000056D00200161800006FD102005A
:10E50000181800007DD102001A1800008BD10200FB
:10E510001C18000097D102001D180000A1D10200B4
:10E5200022180000A8D1020026180000B3D1020072
:10E5300027180000BBD1020028180000C5D1020036
:10E540004E180000D0D1020051180000DDD10200A9
:10E5500052180000E9D1020053180000F5D1020062
:10E560005418000020D102005618000002D2020008
:10E57000D2FC00000FD20200F1FC000016D2020013
:10E580003DFD00001DD202005AFD000015CF020023
:10E5900069FD000027D202006FFD000034D20200A6
:10E5A00003FE000043D202000FFE00004AD2020028
:10E5B0002CFE000056D2020095FE000060D2020040
:10E5C0009FFE000016D20200AAFE000067D20200E1
:10E5D000ECFE000010CF0200EDFE000010CF0200A4
:10E5E000F6FF0000F9CE02000000000071D2020028
:10E5F000020000007AD202000600000080D2020071
:10E600000A0000008AD202000D00000093D202002E
:10E610000F00000096D202001D0000008AD2020006
:10E620003000000006CF0200460000009FD202002A
:10E630004C000000B8CE020059000000A8D2020031
:10E640005D000000AFD2020075000000C8CE0200DD
:10E6500078000000B7D2020087000000BCD20200A0
:10E66000D2000000C3D20200E000000016D2020077
:10E6700031010000CAD2020057010000D2D20200CC
:10E680007101000043D20200DA010000D8D202007A
:10E69000E5020000E1D20200FF020000EBD202001E
:10E6A0008F03000060D2020099040000F2D2020041
:10E6B000A7050000F8D2020022080000FED20200E6
:10E6C000690900001DD2020088EC000007D3020097
:10E6D000252627021A50000047CD02000FD2020063
:10E6E00015D3020019D3020060D2020007D3020042
:10E6F000F2D202001ED3020026D302000101020260
:10E7000003030202020103030202020101010101EB
:10E7100001010101010101010101010101010101E9
:10E7200001010101010101010101010100000000DD
:10E7300000000000000001000202040202020302C5
:10E74000020201020202020304040404040202FFA2
:10E75000FF040201010102040402020201000000A0
:10E760005BBA02008ED302003FBA020099D30200C6
:10E77000A6D3020055AA00AB6DC4E7BBAED302001E
:10E78000000000000000010F01000000B5D30200EE
:10E79000ABACADAEAFAB010A01000000BBD30200D1
:10E7A0006D6A7373736D001001000000BFD3020027
:10E7B000C457096521C4001401000000C2D302003F
:10E7C0006D6A7777776D001001000000C6D30200F4
:10E7D000000505050500001001000000CDD3020072
:10E7E000000000000000010F02000000D2D3020070
:10E7F00055555555555500080200000055AA000012
:10E80000D8D30200E3D30200C1CF0200EDD302004F
:10E8100024CD020004000000F1D302000500000036
:10E82000E7B9020006000000BDD3020007000000A7
:10E83000E1CA02000800000041CB0200090000000C
:10E840008BC102000A0000001CCF02000B00000078
:10E8500047C202000C000000ECB902000D000000ED
:10E86000F4CA02000E000000ABC102000F0000005D
:10E870008AC702001000000009C002001100000059
:10E880007CC402001200000066BA020013000000FF
:10E890003DD10200140000001ED10200150000004E
:10E8A000A3BC02001600000098BD02001700000083
:10E8B0001DBB02001800000077CE02001900000006
:10E8C00030BA02001A0000009EC502001B000000C2
:10E8D000B9D302001C000000C6BE02001D000000EB
:10E8E00081BF02001E000000BDC502001F00000025
:10E8F000F3D3020020000000D2BC0200210000007F
:10E90000F5B9020022000000F5D302002300000048
:10E9100025CB020024000000F7D3020025000000F0
:10E92000C0D3020026000000F9D302002700000037
:10E930006AD3020028000000FBD302002900000077
:10E94000FFD302002A00000003D402002B000000C5
:10E9500007D402002C0000000BD402002D000000A0
:10E960005CC302002E00000011D40200360000003B
:10E97000BABA02003700000073D402003800000069
:10E98000ADCE020013D402001AD4020021D402003A
:10E990001CD40200D8ECF800313130313130303144
:10E9A0003131303030303131303130313030313060
:10E9B000303031303131313000303132333435366E
:10E9C00037383941424344454600000056BA0200F8
:10E9D0000200000005AC020011A8020000000000C7
:10E9E0000000000000000000010000000001020320
:10E9F00004050607080900000406050408030409C5
:10EA000002050704050803050902030504030902BA
:10EA1000000001010102020403020A0002010202D5
:10EA2000090200005004000011B3020010000000B1
:08EA3000749E002000000000AC
:08EA380054A8FE7F010000005C
:10EA40000090D00300B0014000060000000000006C
:10EA5000010000003ABC0200FF0101006009080249
:10EA6000880902FF000000004000000000000001D3
:10EA700000000000000000000000000042C0020092
:10EA800047C0020051C002005BC00200EDBE0200A0
:10EA900042C0020064C002006DC0020073C00200E8
:10EAA0007BC00200EDBE020042C0020088C002002E
:10EAB0008DC0020093C002009CC00200A4C00200EE
:10EAC000AFC00200B7C00200C1C00200EDBE02002C
:10EAD00042C00200CCC00200D5C00200DFC002006C
:10EAE000E6C00200EFC00200EDBE02006009880926
:10EAF0000B01E8030500000000000000000000001A
:10EB000000000000000000000600000000000000FF
:10EB100000000000000000000000000007000000EE
:10EB200000000000000000000000000000000000E5
:10EB300000800000FFFFFFFF0100E1AC01200000AA
:08EB40006992010041920100FD
:04000003100093094D
:00000001FF
